Make,Model,Accidents,Avg_Fatal_Injuries,Avg_Serious_Injuries,Destruction_Rate,Serious_Fatal_Fraction
CESSNA,150G,29,0.10344827586206896,0.3103448275862069,0.0,0.41379310344827586
Piper,PA 12,18,0.0,0.05555555555555555,0.0,0.05555555555555555
Bell,206-L4,15,0.0,0.2,0.0,0.2
PIPER,PA-46-350P,13,0.0,0.5384615384615384,0.0,0.5384615384615384
PIPER,PA-38-112,24,0.4166666666666667,0.20833333333333334,0.0,0.625
Bell,47-D1,10,0.0,0.1,0.0,0.1
Bell,47D-1,10,0.0,0.0,0.0,0.0
Bell,47G3B1,14,0.0,0.21428571428571427,0.0,0.21428571428571427
PIPER,PA-28-151,19,0.3684210526315789,0.42105263157894735,0.0,0.7894736842105263
PIPER,PA-22-160,25,0.0,0.24,0.0,0.24
Boeing,717-200,16,0.0,0.0625,0.0,0.0625
Boeing,727,18,0.1111111111111111,0.2777777777777778,0.0,0.3888888888888889
Boeing,737,54,0.0,0.14814814814814814,0.0,0.14814814814814814
Boeing,737-322,13,0.0,0.15384615384615385,0.0,0.15384615384615385
Garlick,UH-1H,13,0.23076923076923078,0.3076923076923077,0.0,0.5384615384615385
Boeing,747,20,0.0,0.15,0.0,0.15
PIPER,PA-20,18,0.05555555555555555,0.0,0.0,0.05555555555555555
Boeing,757-222,16,0.0625,0.375,0.0,0.4375
Boeing,757-223,10,0.0,0.5,0.0,0.5
Boeing,757-232,19,0.0,0.5789473684210527,0.0,0.5789473684210527
Boeing,767-300,13,0.0,0.23076923076923078,0.0,0.23076923076923078
Boeing,777,12,0.0,0.3333333333333333,0.0,0.3333333333333333
EVEKTOR-AEROTECHNIK AS,SPORTSTAR,19,0.0,0.05263157894736842,0.0,0.05263157894736842
ERCOUPE,415-C,12,0.16666666666666666,0.5833333333333334,0.0,0.75
ERCOUPE,415,10,0.0,0.4,0.0,0.4
EMBRAER,EMB-145LR,14,0.0,0.5714285714285714,0.0,0.5714285714285714
SCHWEIZER AIRCRAFT CORP,G-164B,10,0.0,0.1,0.0,0.1
SCHWEIZER,SGS 2-33A,17,0.058823529411764705,0.35294117647058826,0.0,0.411764705882353
SCHWEIZER,269C-1,19,0.05263157894736842,0.21052631578947367,0.0,0.2631578947368421
BELL,47D1,10,0.0,0.3,0.0,0.3
BELL,OH-58A,14,0.0,0.5,0.0,0.5
BELLANCA,17-30A,21,0.23809523809523808,0.14285714285714285,0.0,0.38095238095238093
BELLANCA,7ECA,16,0.125,0.125,0.0,0.25
BELLANCA,7KCAB,10,0.0,0.5,0.0,0.5
BELLANCA,8KCAB,17,0.17647058823529413,0.23529411764705882,0.0,0.4117647058823529
BOEING,737 7H4,16,0.0625,8.3125,0.0,8.375
Bombardier,CL-600-2B19,10,0.0,0.1,0.0,0.1
BOEING,737-7H4,13,0.0,0.38461538461538464,0.0,0.38461538461538464
BOEING,757,31,0.0,0.2903225806451613,0.0,0.2903225806451613
BOEING,787,25,0.0,0.2,0.0,0.2
BOEING,A75N1,11,0.0,0.6363636363636364,0.0,0.6363636363636364
BOEING,B75N1,17,0.11764705882352941,0.35294117647058826,0.0,0.47058823529411764
BOMBARDIER INC,CL-600-2B19,18,0.0,0.1111111111111111,0.0,0.1111111111111111
De Havilland,DHC-8-102,10,0.0,0.1,0.0,0.1
Beech,35-A33,13,0.15384615384615385,0.07692307692307693,0.0,0.23076923076923078
ROCKWELL INTERNATIONAL,S-2R,15,0.06666666666666667,0.13333333333333333,0.0,0.2
ROBINSON HELICOPTER COMPANY,R44,13,0.15384615384615385,0.38461538461538464,0.0,0.5384615384615385
ROBINSON HELICOPTER,R22,21,0.0,0.42857142857142855,0.0,0.42857142857142855
BOEING,737-800,20,0.0,0.0,0.0,0.0
Burkhart Grob,G103,15,0.0,0.06666666666666667,0.0,0.06666666666666667
CESSNA,170A,27,0.037037037037037035,0.1111111111111111,0.0,0.14814814814814814
CESSNA,172B,12,0.08333333333333333,0.25,0.0,0.3333333333333333
FLIGHT DESIGN GMBH,CTSW,18,0.1111111111111111,0.3888888888888889,0.0,0.5
PIPER,J3C,20,0.25,0.4,0.0,0.65
North American,AT-6G,10,0.0,0.1,0.0,0.1
Mcdonnell Douglas,MD-88,20,0.1,0.35,0.0,0.44999999999999996
Mcdonnell Douglas,MD-80,16,0.0,0.125,0.0,0.125
Mcdonnell Douglas,DC-9-51,14,0.07142857142857142,0.21428571428571427,0.0,0.2857142857142857
Maule,MX-7-235,13,0.0,0.0,0.0,0.0
Maule,MX-7-180,10,0.0,0.1,0.0,0.1
Cessna,185C,10,0.1,0.1,0.0,0.2
MOONEY AIRPLANE CO INC,M20TN,10,0.1,0.1,0.0,0.2
Cessna,C172,11,0.0,0.09090909090909091,0.0,0.09090909090909091
GLOBE,GC-1B,10,0.0,0.2,0.0,0.2
MAULE,MX7,13,0.0,0.38461538461538464,0.0,0.38461538461538464
MAULE,M-5-235C,10,0.2,0.1,0.0,0.30000000000000004
Lockheed,L-1011,12,0.08333333333333333,0.5,0.0,0.5833333333333334
LUSCOMBE,8E,13,0.07692307692307693,0.46153846153846156,0.0,0.5384615384615385
LUSCOMBE,8A,39,0.1282051282051282,0.28205128205128205,0.0,0.41025641025641024
LUSCOMBE,8,33,0.15151515151515152,0.36363636363636365,0.0,0.5151515151515151
Hughes,500D,13,0.07692307692307693,0.23076923076923078,0.0,0.3076923076923077
Hiller,UH-12C,20,0.05,0.1,0.0,0.15000000000000002
Grumman,G-44,16,0.0,0.125,0.0,0.125
GRUMMAN ACFT ENG COR-SCHWEIZER,G-164A,10,0.1,0.1,0.0,0.2
MOONEY,M20R,15,0.26666666666666666,0.13333333333333333,0.0,0.4
STINSON,108,34,0.11764705882352941,0.4117647058823529,0.0,0.5294117647058824
PIPER,J3C-65,46,0.15217391304347827,0.3695652173913043,0.0,0.5217391304347826
PIPER,PA 18,19,0.0,0.2631578947368421,0.0,0.2631578947368421
CESSNA,172E,13,0.23076923076923078,0.5384615384615384,0.0,0.7692307692307692
CESSNA,177RG,33,0.21212121212121213,0.3939393939393939,0.0,0.6060606060606061
CESSNA,180A,13,0.07692307692307693,0.15384615384615385,0.0,0.23076923076923078
CESSNA,180H,23,0.0,0.17391304347826086,0.0,0.17391304347826086
CESSNA,180J,22,0.0,0.045454545454545456,0.0,0.045454545454545456
CESSNA,180K,13,0.15384615384615385,0.3076923076923077,0.0,0.46153846153846156
CESSNA,182A,33,0.12121212121212122,0.30303030303030304,0.0,0.42424242424242425
CESSNA,182K,14,0.2857142857142857,0.5714285714285714,0.0,0.8571428571428571
CESSNA,182S,14,0.21428571428571427,0.07142857142857142,0.0,0.2857142857142857
CESSNA,195,24,0.0,0.16666666666666666,0.0,0.16666666666666666
PIPER,J5A,10,0.0,0.3,0.0,0.3
CESSNA,195A,10,0.1,0.2,0.0,0.30000000000000004
CESSNA,305,12,0.16666666666666666,0.16666666666666666,0.0,0.3333333333333333
CESSNA,305A,16,0.0,0.1875,0.0,0.1875
PIPER,PA-12,52,0.21153846153846154,0.057692307692307696,0.0,0.2692307692307692
CESSNA,A185E,11,0.09090909090909091,0.0,0.0,0.09090909090909091
CESSNA,A188B,32,0.125,0.125,0.0,0.25
PIPER,PA 28-161,15,0.06666666666666667,0.06666666666666667,0.0,0.13333333333333333
PIPER,PA 28,23,0.0,0.17391304347826086,0.0,0.17391304347826086
CESSNA AIRCRAFT CO,162,14,0.07142857142857142,0.14285714285714285,0.0,0.21428571428571427
CONSOLIDATED AERONAUTICS INC.,LAKE LA-4-200,10,0.0,0.2,0.0,0.2
CUBCRAFTERS INC,CC11-160,16,0.0,0.375,0.0,0.375
CESSNA,207A,16,0.125,0.75,0.0,0.875
STINSON,108-1,11,0.09090909090909091,0.18181818181818182,0.0,0.2727272727272727
GRUMMAN ACFT ENG COR-SCHWEIZER,G-164B,24,0.0,0.20833333333333334,0.0,0.20833333333333334
AIR TRACTOR INC,AT 802,10,0.0,0.2,0.0,0.2
Saab-scania Ab (saab),340B,14,0.0,0.21428571428571427,0.0,0.21428571428571427
BEECH,23,10,0.1,0.5,0.0,0.6
DIAMOND AIRCRAFT IND INC,DA 20-C1,16,0.125,0.25,0.0,0.375
Aerospatiale,ATR-42-300,15,0.06666666666666667,0.2,0.0,0.26666666666666666
Aerostar,RX-8,10,0.0,1.2,0.0,1.2
Snow,S2C,11,0.09090909090909091,0.0,0.0,0.09090909090909091
Saab-scania Ab (saab),340A,10,0.1,0.2,0.0,0.30000000000000004
Air Tractor,AT 602,13,0.0,0.07692307692307693,0.0,0.07692307692307693
TAYLORCRAFT,BC12-D,18,0.1111111111111111,0.5,0.0,0.6111111111111112
AMERICAN CHAMPION AIRCRAFT,8GCBC,14,0.07142857142857142,0.21428571428571427,0.0,0.2857142857142857
BEECH,A23,10,0.2,0.6,0.0,0.8
DIAMOND AIRCRAFT IND INC,DA 20 C1,11,0.0,0.0,0.0,0.0
AMERICAN LEGEND AIRCRAFT CO,AL3,13,0.0,0.07692307692307693,0.0,0.07692307692307693
AMERICAN CHAMPION AIRCRAFT,8KCAB,12,0.25,0.16666666666666666,0.0,0.41666666666666663
AIR TRACTOR INC,AT-502,13,0.07692307692307693,0.3076923076923077,0.0,0.38461538461538464
AVIAT AIRCRAFT INC,A-1B,21,0.0,0.3333333333333333,0.0,0.3333333333333333
DEHAVILLAND,DHC-2,10,0.4,0.9,0.0,1.3
AIRBUS,A319,11,0.0,0.36363636363636365,0.0,0.36363636363636365
BEECH,B19,12,0.0,0.16666666666666666,0.0,0.16666666666666666
Schweizer,SGS 2-32,10,0.1,0.4,0.0,0.5
AIR TRACTOR INC,AT-502B,25,0.08,0.12,0.0,0.2
Taylorcraft,F-19,16,0.125,0.3125,0.0,0.4375
Aviat,A-1B,29,0.10344827586206896,0.06896551724137931,0.0,0.1724137931034483
Temco,GC-1B,12,0.08333333333333333,0.16666666666666666,0.0,0.25
Aviat,A-1A,11,0.09090909090909091,0.2727272727272727,0.0,0.36363636363636365
PIPER,PA-18-150,134,0.08208955223880597,0.19402985074626866,0.007462686567164179,0.27611940298507465
BOEING,777,83,0.0,0.27710843373493976,0.012048192771084338,0.27710843373493976
CESSNA,A185F,76,0.21052631578947367,0.18421052631578946,0.013157894736842105,0.39473684210526316
PIPER,PA 18-150,57,0.14035087719298245,0.21052631578947367,0.017543859649122806,0.3508771929824561
CESSNA,150L,50,0.24,0.3,0.02,0.54
BOEING,767,48,0.0,1.25,0.020833333333333332,1.25
CESSNA,150M,46,0.2608695652173913,0.1956521739130435,0.021739130434782608,0.4565217391304348
CESSNA,172RG,45,0.08888888888888889,0.2,0.022222222222222223,0.2888888888888889
PIPER,PA-22-150,44,0.1590909090909091,0.2727272727272727,0.022727272727272728,0.43181818181818177
Boeing,727-200,41,1.2682926829268293,0.3170731707317073,0.024390243902439025,1.5853658536585367
CESSNA,140,80,0.1625,0.2125,0.025,0.375
Cessna,A185,36,0.19444444444444445,0.4722222222222222,0.027777777777777776,0.6666666666666666
Mcdonnell Douglas,DC-10-10,35,3.1714285714285713,1.7142857142857142,0.02857142857142857,4.885714285714285
BELLANCA,7GCBC,34,0.3235294117647059,0.20588235294117646,0.029411764705882353,0.5294117647058824
BOEING,747,65,0.09230769230769231,1.1076923076923078,0.03076923076923077,1.2000000000000002
CESSNA,T210L,32,0.25,0.15625,0.03125,0.40625
CESSNA,180,127,0.09448818897637795,0.1968503937007874,0.031496062992125984,0.2913385826771654
CESSNA,A185,31,0.12903225806451613,0.0,0.03225806451612903,0.12903225806451613
Mcdonnell Douglas,DC-9-82,31,5.096774193548387,0.1935483870967742,0.03225806451612903,5.290322580645161
BOEING,A75N1(PT17),30,0.06666666666666667,0.2,0.03333333333333333,0.26666666666666666
Cessna,140A,29,0.13793103448275862,0.034482758620689655,0.034482758620689655,0.1724137931034483
BOEING,737,435,3.098850574712644,0.8735632183908046,0.034482758620689655,3.972413793103448
Piper,PA-18-160,29,0.034482758620689655,0.06896551724137931,0.034482758620689655,0.10344827586206896
ROBINSON HELICOPTER,R22 BETA,110,0.17272727272727273,0.4,0.03636363636363636,0.5727272727272728
CESSNA,172H,27,0.2222222222222222,0.1111111111111111,0.037037037037037035,0.3333333333333333
MOONEY,M20F,27,0.5925925925925926,0.1111111111111111,0.037037037037037035,0.7037037037037037
AIR TRACTOR INC,AT-301,27,0.07407407407407407,0.2222222222222222,0.037037037037037035,0.2962962962962963
Cessna,A185E,53,0.09433962264150944,0.11320754716981132,0.03773584905660377,0.20754716981132076
Mcdonnell Douglas,MD-82,26,1.3846153846153846,4.230769230769231,0.038461538461538464,5.615384615384615
Aeronca,15AC,26,0.038461538461538464,0.15384615384615385,0.038461538461538464,0.19230769230769232
CESSNA,207,25,0.84,0.4,0.04,1.24
AIRBUS,A320,74,2.2972972972972974,0.13513513513513514,0.04054054054054054,2.4324324324324325
Boeing,747-400,24,3.4583333333333335,1.7916666666666667,0.041666666666666664,5.25
CESSNA,172P,92,0.11956521739130435,0.16304347826086957,0.043478260869565216,0.28260869565217395
DIAMOND AIRCRAFT IND INC,DA 40,23,0.30434782608695654,0.13043478260869565,0.043478260869565216,0.4347826086956522
AERONCA,11AC,23,0.17391304347826086,0.30434782608695654,0.043478260869565216,0.4782608695652174
Mcdonnell Douglas,DC-10-30,23,0.782608695652174,0.9565217391304348,0.043478260869565216,1.7391304347826089
BELL,47G,22,0.18181818181818182,0.2727272727272727,0.045454545454545456,0.45454545454545453
CHAMPION,7ECA,22,0.3181818181818182,0.09090909090909091,0.045454545454545456,0.40909090909090906
Cessna,180A,43,0.046511627906976744,0.023255813953488372,0.046511627906976744,0.06976744186046512
AERONCA,7AC,63,0.19047619047619047,0.2698412698412698,0.047619047619047616,0.4603174603174603
Let,BLANIK L-13,21,0.0,0.14285714285714285,0.047619047619047616,0.14285714285714285
CESSNA,150F,42,0.2619047619047619,0.23809523809523808,0.047619047619047616,0.5
CESSNA,172S,185,0.24864864864864866,0.14054054054054055,0.04864864864864865,0.3891891891891892
CESSNA,170B,80,0.125,0.2,0.05,0.325
CESSNA,560XL,20,0.35,0.0,0.05,0.35
MCDONNELL DOUGLAS HELICOPTER,369E,20,0.15,0.2,0.05,0.35
PIPER,PA-18,39,0.15384615384615385,0.23076923076923078,0.05128205128205128,0.38461538461538464
PIPER,PA-28R-180,19,0.631578947368421,0.21052631578947367,0.05263157894736842,0.8421052631578947
CESSNA,172L,19,0.3684210526315789,0.3157894736842105,0.05263157894736842,0.6842105263157894
PIPER,PA-18-135,19,0.21052631578947367,0.3157894736842105,0.05263157894736842,0.5263157894736842
CESSNA,150J,19,0.3157894736842105,0.47368421052631576,0.05263157894736842,0.7894736842105263
Hiller,UH-12B,19,0.0,0.21052631578947367,0.05263157894736842,0.21052631578947367
Balloon Works,FIREFLY 7,37,0.08108108108108109,0.7297297297297297,0.05405405405405406,0.8108108108108107
Piper,PA18,55,0.03636363636363636,0.18181818181818182,0.05454545454545454,0.2181818181818182
PIPER,PA-28-180,73,0.3698630136986301,0.5068493150684932,0.0547945205479452,0.8767123287671232
PIPER,PA24,18,0.2777777777777778,0.2222222222222222,0.05555555555555555,0.5
BELL,206L-3,18,0.1111111111111111,0.5555555555555556,0.05555555555555555,0.6666666666666667
PIPER,PA-28,18,0.0,0.3333333333333333,0.05555555555555555,0.3333333333333333
BELLANCA,8GCBC,18,0.1111111111111111,0.1111111111111111,0.05555555555555555,0.2222222222222222
ROBINSON HELICOPTER COMPANY,R22,18,0.1111111111111111,0.2222222222222222,0.05555555555555555,0.3333333333333333
PIPER,PA-28-181,53,0.39622641509433965,0.1320754716981132,0.05660377358490566,0.5283018867924528
PIPER,PA18,35,0.14285714285714285,0.17142857142857143,0.05714285714285714,0.3142857142857143
HUGHES,369D,35,0.4,0.34285714285714286,0.05714285714285714,0.7428571428571429
CESSNA,172R,69,0.2608695652173913,0.14492753623188406,0.057971014492753624,0.4057971014492754
PIPER,PA-28-140,120,0.30833333333333335,0.4083333333333333,0.058333333333333334,0.7166666666666667
Schweizer,SGS-2-33A,17,0.0,0.29411764705882354,0.058823529411764705,0.29411764705882354
CESSNA,U206G,34,0.4117647058823529,0.5882352941176471,0.058823529411764705,1.0
Mcdonnell Douglas,DC-9-31,17,6.411764705882353,0.29411764705882354,0.058823529411764705,6.705882352941177
CESSNA,170,49,0.12244897959183673,0.1836734693877551,0.061224489795918366,0.30612244897959184
Douglas,DC-9-32,16,8.375,0.4375,0.0625,8.8125
Boeing,727-223,16,8.8125,1.8125,0.0625,10.625
EUROCOPTER,AS 350 B3,16,0.1875,0.1875,0.0625,0.375
HILLER,UH-12E,16,0.0,0.5,0.0625,0.5
Cessna,185E,32,0.1875,0.125,0.0625,0.3125
Let,L-13,48,0.08333333333333333,0.125,0.0625,0.20833333333333331
Canadair,CL-600-2B19,16,0.1875,0.5,0.0625,0.6875
Grumman,G164B,16,0.0,0.0,0.0625,0.0
CESSNA,402C,16,0.3125,0.0,0.0625,0.3125
BELL,206B,95,0.43157894736842106,0.2631578947368421,0.06315789473684211,0.6947368421052631
CESSNA,182P,62,0.2903225806451613,0.3548387096774194,0.06451612903225806,0.6451612903225807
Piper,PA-14,30,0.16666666666666666,0.06666666666666667,0.06666666666666667,0.23333333333333334
CESSNA,182M,15,0.4666666666666667,0.5333333333333333,0.06666666666666667,1.0
CESSNA,188,15,0.26666666666666666,0.06666666666666667,0.06666666666666667,0.3333333333333333
BEECH,95-B55 (T42A),15,0.3333333333333333,0.4,0.06666666666666667,0.7333333333333334
SIKORSKY,S76,15,0.7333333333333333,0.8,0.06666666666666667,1.5333333333333332
Maule,M-4,15,0.4,0.0,0.06666666666666667,0.4
PIPER,PA-22,15,0.2,0.3333333333333333,0.06666666666666667,0.5333333333333333
PIPER,PA 24-250,15,0.4,0.2,0.06666666666666667,0.6000000000000001
CESSNA,172G,15,0.06666666666666667,0.3333333333333333,0.06666666666666667,0.39999999999999997
HUGHES,269C,15,0.2,0.2,0.06666666666666667,0.4
Schweizer,SGS 2-33,15,0.0,0.4,0.06666666666666667,0.4
CESSNA,182J,15,0.06666666666666667,0.6,0.06666666666666667,0.6666666666666666
Piper,PA-20,104,0.09615384615384616,0.0673076923076923,0.0673076923076923,0.16346153846153846
CESSNA,172M,131,0.32061068702290074,0.25190839694656486,0.06870229007633588,0.5725190839694656
CESSNA,177B,29,0.20689655172413793,0.41379310344827586,0.06896551724137931,0.6206896551724138
Luscombe,8F,29,0.06896551724137931,0.10344827586206896,0.06896551724137931,0.1724137931034483
AIRBUS,A330,29,11.413793103448276,0.3103448275862069,0.06896551724137931,11.724137931034482
Beech,19A,14,0.2857142857142857,0.0,0.07142857142857142,0.2857142857142857
Boeing,757,28,1.5714285714285714,0.10714285714285714,0.07142857142857142,1.6785714285714286
Piper,PA-18-105,14,0.0,0.14285714285714285,0.07142857142857142,0.14285714285714285
Raven,S-60A,14,0.07142857142857142,0.7142857142857143,0.07142857142857142,0.7857142857142857
Boeing,727-224,14,9.357142857142858,1.1428571428571428,0.07142857142857142,10.5
Swearingen,SA226TC,28,0.14285714285714285,0.0,0.07142857142857142,0.14285714285714285
CESSNA,182H,14,0.5,0.21428571428571427,0.07142857142857142,0.7142857142857143
CESSNA,182R,14,0.5,0.07142857142857142,0.07142857142857142,0.5714285714285714
MOONEY,M20,14,0.14285714285714285,0.5,0.07142857142857142,0.6428571428571428
Luscombe,8,14,0.07142857142857142,0.2857142857142857,0.07142857142857142,0.3571428571428571
PIPER,PA-32-301,14,0.07142857142857142,0.0,0.07142857142857142,0.07142857142857142
Beech,33,14,0.42857142857142855,0.14285714285714285,0.07142857142857142,0.5714285714285714
STINSON,108-3,14,0.0,0.5714285714285714,0.07142857142857142,0.5714285714285714
Aviat,A-1,27,0.18518518518518517,0.18518518518518517,0.07407407407407407,0.37037037037037035
MOONEY AIRCRAFT CORP.,M20K,27,0.25925925925925924,0.037037037037037035,0.07407407407407407,0.2962962962962963
Maule,M-4-220C,27,0.0,0.07407407407407407,0.07407407407407407,0.07407407407407407
Schweizer,SGS 2-33A,53,0.0,0.07547169811320754,0.07547169811320754,0.07547169811320754
SIKORSKY,S92,13,0.5384615384615384,0.0,0.07692307692307693,0.5384615384615384
AERONCA,7BCM,13,0.07692307692307693,0.38461538461538464,0.07692307692307693,0.46153846153846156
Piper,PA-18-180,13,0.15384615384615385,0.0,0.07692307692307693,0.15384615384615385
Schweizer,300C,13,0.0,0.15384615384615385,0.07692307692307693,0.15384615384615385
Boeing,727-225,13,2.230769230769231,0.07692307692307693,0.07692307692307693,2.307692307692308
PIPER,PA 28R-200,13,0.3076923076923077,0.6923076923076923,0.07692307692307693,1.0
CESSNA,TR182,26,0.19230769230769232,0.23076923076923078,0.07692307692307693,0.42307692307692313
Cessna,210C,13,0.07692307692307693,0.07692307692307693,0.07692307692307693,0.15384615384615385
AIR TRACTOR INC,AT-602,26,0.2692307692307692,0.23076923076923078,0.07692307692307693,0.5
Boeing,737-222,13,0.0,0.7692307692307693,0.07692307692307693,0.7692307692307693
Beech,19,13,0.0,0.0,0.07692307692307693,0.0
Artic Aircraft Corp.,S-1B2,13,0.3076923076923077,0.15384615384615385,0.07692307692307693,0.46153846153846156
Mcdonnell Douglas,MD-11,39,0.1282051282051282,1.8974358974358974,0.07692307692307693,2.0256410256410255
AMERICAN CHAMPION AIRCRAFT,7GCBC,13,0.38461538461538464,0.23076923076923078,0.07692307692307693,0.6153846153846154
Boeing Stearman,A75N1,13,0.15384615384615385,0.0,0.07692307692307693,0.15384615384615385
BELL HELICOPTER TEXTRON,206L-1,13,0.46153846153846156,0.38461538461538464,0.07692307692307693,0.8461538461538463
AYRES CORPORATION,S2R-T34,13,0.15384615384615385,0.3076923076923077,0.07692307692307693,0.46153846153846156
Cessna,172SP,13,0.23076923076923078,0.07692307692307693,0.07692307692307693,0.3076923076923077
CESSNA,172,499,0.3346693386773547,0.23847695390781562,0.0781563126252505,0.5731462925851704
Beech,1900D,51,1.1372549019607843,0.0,0.0784313725490196,1.1372549019607843
CESSNA,120,38,0.13157894736842105,0.18421052631578946,0.07894736842105263,0.3157894736842105
PIPER,PA-28-161,63,0.20634920634920634,0.2857142857142857,0.07936507936507936,0.49206349206349204
Boeing,A75N1,88,0.06818181818181818,0.22727272727272727,0.07954545454545454,0.2954545454545454
CESSNA,150H,25,0.24,0.36,0.08,0.6
Cessna,172R,100,0.11,0.08,0.08,0.19
CESSNA,P210N,50,0.34,0.36,0.08,0.7
CESSNA,152,198,0.20707070707070707,0.1717171717171717,0.08080808080808081,0.3787878787878788
Cessna,140,304,0.09539473684210527,0.13157894736842105,0.08223684210526316,0.22697368421052633
Boeing,727-100,12,0.0,0.08333333333333333,0.08333333333333333,0.08333333333333333
Taylorcraft,BL-65,12,0.0,0.4166666666666667,0.08333333333333333,0.4166666666666667
SAAB,340,12,1.75,0.08333333333333333,0.08333333333333333,1.8333333333333333
PIPER,PA30,12,0.9166666666666666,0.08333333333333333,0.08333333333333333,1.0
Raven,S55A,12,0.0,0.9166666666666666,0.08333333333333333,0.9166666666666666
CESSNA,172F,24,0.16666666666666666,0.375,0.08333333333333333,0.5416666666666666
BEECH,H35,12,0.25,0.08333333333333333,0.08333333333333333,0.3333333333333333
GRUMMAN,G-164A,12,0.08333333333333333,0.25,0.08333333333333333,0.3333333333333333
CESSNA,182E,12,0.08333333333333333,0.25,0.08333333333333333,0.3333333333333333
PIPER,PA22,24,0.25,0.375,0.08333333333333333,0.625
Bell,47G-3B-2,12,0.08333333333333333,0.16666666666666666,0.08333333333333333,0.25
Maule,M-7-235C,12,0.0,0.0,0.08333333333333333,0.0
CESSNA,182F,12,0.3333333333333333,0.5833333333333334,0.08333333333333333,0.9166666666666667
Aeronca,11BC,12,0.08333333333333333,0.3333333333333333,0.08333333333333333,0.41666666666666663
CESSNA,402B,12,0.5,0.08333333333333333,0.08333333333333333,0.5833333333333334
CESSNA,T182T,24,0.2916666666666667,0.3333333333333333,0.08333333333333333,0.625
Cessna,650,12,0.25,0.0,0.08333333333333333,0.25
Piper,PA22,24,0.08333333333333333,0.25,0.08333333333333333,0.3333333333333333
CESSNA,172N,167,0.3772455089820359,0.33532934131736525,0.08383233532934131,0.7125748502994012
BEECH,C23,35,0.37142857142857144,0.2857142857142857,0.08571428571428572,0.6571428571428571
Cessna,172S,186,0.17204301075268819,0.08602150537634409,0.08602150537634409,0.25806451612903225
CESSNA,550,23,0.43478260869565216,0.4782608695652174,0.08695652173913043,0.9130434782608696
CESSNA,206,23,0.7391304347826086,0.30434782608695654,0.08695652173913043,1.0434782608695652
Cessna,185F,101,0.1188118811881188,0.06930693069306931,0.0891089108910891,0.18811881188118812
Cessna,180,468,0.16452991452991453,0.09188034188034189,0.08974358974358974,0.2564102564102564
Piper,PA-18,511,0.14090019569471623,0.10567514677103718,0.09001956947162426,0.2465753424657534
Ayres,S2R-G6,11,0.09090909090909091,0.0,0.09090909090909091,0.09090909090909091
AEROSPATIALE,AS350,11,0.7272727272727273,0.0,0.09090909090909091,0.7272727272727273
Cirrus,SR20,11,0.09090909090909091,0.2727272727272727,0.09090909090909091,0.36363636363636365
Beech,C-23,33,0.030303030303030304,0.06060606060606061,0.09090909090909091,0.09090909090909091
PIPER,PA 28-181,22,0.22727272727272727,0.3181818181818182,0.09090909090909091,0.5454545454545454
Mcdonnell Douglas,MD-83,22,2.590909090909091,0.09090909090909091,0.09090909090909091,2.6818181818181817
Cessna,180C,11,0.0,0.0,0.09090909090909091,0.0
Schleicher,ASK-21,11,0.36363636363636365,0.18181818181818182,0.09090909090909091,0.5454545454545454
PIPER,PA 32-300,11,0.2727272727272727,0.09090909090909091,0.09090909090909091,0.36363636363636365
Piper,PA-22-20,11,0.18181818181818182,0.09090909090909091,0.09090909090909091,0.2727272727272727
Cameron,V-77,11,0.18181818181818182,0.7272727272727273,0.09090909090909091,0.9090909090909092
Schweizer,269C-1,22,0.09090909090909091,0.22727272727272727,0.09090909090909091,0.3181818181818182
PIPER,PA 22,11,0.0,0.18181818181818182,0.09090909090909091,0.18181818181818182
Maule,M-5,22,0.3181818181818182,0.09090909090909091,0.09090909090909091,0.40909090909090906
Short Brothers,SD3-60,11,0.0,0.18181818181818182,0.09090909090909091,0.18181818181818182
ROBINSON HELICOPTER,R44,77,0.2857142857142857,0.33766233766233766,0.09090909090909091,0.6233766233766234
CZECH AIRCRAFT WORKS SPOL SRO,SPORTCRUISER,11,0.0,0.36363636363636365,0.09090909090909091,0.36363636363636365
Piper,J3-C65,11,0.0,0.45454545454545453,0.09090909090909091,0.45454545454545453
Airbus,A320,11,10.272727272727273,0.0,0.09090909090909091,10.272727272727273
Piper,PA28-180,11,0.09090909090909091,0.0,0.09090909090909091,0.09090909090909091
Bellanca,14-13-2,11,0.09090909090909091,0.36363636363636365,0.09090909090909091,0.4545454545454546
AVIAT AIRCRAFT INC,A-1C-180,11,0.09090909090909091,0.09090909090909091,0.09090909090909091,0.18181818181818182
Champion,7GCBC,54,0.16666666666666666,0.07407407407407407,0.09259259259259259,0.24074074074074073
PIPER,PA-44-180,21,0.42857142857142855,0.2857142857142857,0.09523809523809523,0.7142857142857142
Cessna,170B,294,0.16326530612244897,0.08843537414965986,0.09523809523809523,0.25170068027210885
Enstrom,F-28F,21,0.14285714285714285,0.047619047619047616,0.09523809523809523,0.19047619047619047
CESSNA,185,21,0.9047619047619048,0.09523809523809523,0.09523809523809523,1.0
PIPER,PA-25-235,31,0.3870967741935484,0.22580645161290322,0.0967741935483871,0.6129032258064516
Cessna,185,247,0.19433198380566802,0.09716599190283401,0.09716599190283401,0.291497975708502
Cessna,180H,72,0.18055555555555555,0.09722222222222222,0.09722222222222222,0.2777777777777778
CESSNA,150,113,0.4336283185840708,0.12389380530973451,0.09734513274336283,0.5575221238938053
Cessna,182T,20,0.45,0.05,0.1,0.5
PIPER,PA-28R-201,10,0.3,0.0,0.1,0.3
PIPER,PA-28R-200,40,0.45,0.1,0.1,0.55
RANS,S12,10,0.9,0.2,0.1,1.1
Mooney,M-20F,10,0.2,0.1,0.1,0.30000000000000004
MAULE,M-4-220C,10,0.1,0.2,0.1,0.30000000000000004
HUGHES,369HS,10,0.2,0.0,0.1,0.2
CZECH SPORT AIRCRAFT AS,PIPER SPORT,10,0.4,0.0,0.1,0.4
Piper,PA-28-150,20,0.05,0.3,0.1,0.35
Piper,PA24,20,0.5,0.3,0.1,0.8
ALON,A2,10,0.1,0.4,0.1,0.5
PIPER,PA-11,10,0.5,0.0,0.1,0.5
BELL HELICOPTER TEXTRON CANADA,407,10,0.5,0.2,0.1,0.7
Quickie,Q2,10,0.1,0.2,0.1,0.30000000000000004
DIAMOND,DA20,10,0.3,0.4,0.1,0.7
Cessna,310B,10,0.0,0.0,0.1,0.0
Maule,M-5-180C,10,0.2,0.1,0.1,0.30000000000000004
PIPER,PA-18A,10,0.1,0.6,0.1,0.7
RYAN,NAVION,10,0.3,0.3,0.1,0.6
PIPER,PA-24,10,0.4,0.3,0.1,0.7
Enstrom,F28F,10,0.3,0.1,0.1,0.4
Grumman,AA1B,10,0.0,0.1,0.1,0.1
Vans,RV 6,10,0.2,0.5,0.1,0.7
CESSNA,R172K,20,0.55,0.25,0.1,0.8
CESSNA,172A,10,0.0,0.8,0.1,0.8
Boeing,767,20,6.4,2.55,0.1,8.95
Champion,7AC,10,0.4,0.1,0.1,0.5
Flight Design,CTSW,10,0.0,0.4,0.1,0.4
Beech,BE-77,10,0.1,0.1,0.1,0.2
PIPER,PA 28-180,30,0.4666666666666667,0.4,0.1,0.8666666666666667
CESSNA,172K,39,0.3076923076923077,0.20512820512820512,0.10256410256410256,0.5128205128205128
PIPER,PA 28-140,29,0.2413793103448276,0.3448275862068966,0.10344827586206896,0.5862068965517242
Helio,H-295,29,0.20689655172413793,0.10344827586206896,0.10344827586206896,0.3103448275862069
PIPER,PA 46-350P,29,0.7241379310344828,0.0,0.10344827586206896,0.7241379310344828
CESSNA,T210M,29,0.3793103448275862,0.2413793103448276,0.10344827586206896,0.6206896551724138
SCHWEIZER,269C,48,0.1875,0.3958333333333333,0.10416666666666667,0.5833333333333333
Cessna,180K,67,0.16417910447761194,0.1044776119402985,0.1044776119402985,0.26865671641791045
FLIGHT DESIGN GMBH,CTLS,19,0.21052631578947367,0.3684210526315789,0.10526315789473684,0.5789473684210527
Champion,7GCB,19,0.05263157894736842,0.10526315789473684,0.10526315789473684,0.15789473684210525
Boeing,757-200,19,13.368421052631579,0.42105263157894735,0.10526315789473684,13.789473684210526
Navion,A,19,0.05263157894736842,0.3157894736842105,0.10526315789473684,0.3684210526315789
Beech,99,19,0.5789473684210527,0.05263157894736842,0.10526315789473684,0.631578947368421
De Havilland,DHC-6,19,0.7894736842105263,0.05263157894736842,0.10526315789473684,0.8421052631578947
Enstrom,F-28A,38,0.05263157894736842,0.05263157894736842,0.10526315789473684,0.10526315789473684
PIPER,PA 12,19,0.10526315789473684,0.10526315789473684,0.10526315789473684,0.21052631578947367
Boeing,737-300,47,3.5531914893617023,0.7021276595744681,0.10638297872340426,4.25531914893617
Cessna,170,103,0.14563106796116504,0.10679611650485436,0.10679611650485436,0.2524271844660194
CESSNA,182T,28,0.35714285714285715,0.10714285714285714,0.10714285714285714,0.4642857142857143
Piper,J3,28,0.10714285714285714,0.10714285714285714,0.10714285714285714,0.21428571428571427
CESSNA,182Q,46,0.2826086956521739,0.1956521739130435,0.10869565217391304,0.4782608695652174
PIPER,PA-46-310P,18,0.5555555555555556,0.2777777777777778,0.1111111111111111,0.8333333333333334
PIPER,PA-28-235,27,0.2222222222222222,0.2222222222222222,0.1111111111111111,0.4444444444444444
Boeing,747-200,18,11.666666666666666,0.1111111111111111,0.1111111111111111,11.777777777777777
Cessna,195B,18,0.05555555555555555,0.1111111111111111,0.1111111111111111,0.16666666666666666
MOONEY,M20M,18,0.6666666666666666,0.05555555555555555,0.1111111111111111,0.7222222222222222
CESSNA,421B,18,0.6111111111111112,0.9444444444444444,0.1111111111111111,1.5555555555555556
Boeing,B75N1,27,0.07407407407407407,0.07407407407407407,0.1111111111111111,0.14814814814814814
Cessna,195,71,0.29577464788732394,0.07042253521126761,0.11267605633802817,0.36619718309859156
Luscombe,8E,62,0.1774193548387097,0.0967741935483871,0.11290322580645161,0.27419354838709675
PIPER,PA-31-350,35,1.1714285714285715,0.2571428571428571,0.11428571428571428,1.4285714285714286
Piper,PA28,96,0.2708333333333333,0.23958333333333334,0.11458333333333333,0.5104166666666666
ROBINSON HELICOPTER COMPANY,R44 II,139,0.23741007194244604,0.38848920863309355,0.11510791366906475,0.6258992805755396
EMBRAER,ERJ190,17,2.4705882352941178,4.294117647058823,0.11764705882352941,6.764705882352941
Piper,PA-16,34,0.23529411764705882,0.29411764705882354,0.11764705882352941,0.5294117647058824
PIPER,PA-30,51,0.5294117647058824,0.21568627450980393,0.11764705882352941,0.7450980392156863
GRUMMAN,G164,17,0.11764705882352941,0.29411764705882354,0.11764705882352941,0.4117647058823529
Cessna,190,17,0.23529411764705882,0.0,0.11764705882352941,0.23529411764705882
BEECH,76,17,0.17647058823529413,0.058823529411764705,0.11764705882352941,0.23529411764705882
BEECH,35,17,0.47058823529411764,0.35294117647058826,0.11764705882352941,0.8235294117647058
CESSNA,182C,17,0.35294117647058826,0.5294117647058824,0.11764705882352941,0.8823529411764706
PIPER,PA-24-250,42,0.5714285714285714,0.07142857142857142,0.11904761904761904,0.6428571428571428
Cessna,310J,25,0.08,0.2,0.12,0.28
Boeing,E75,25,0.0,0.04,0.12,0.04
Weatherly,201B,25,0.04,0.04,0.12,0.08
Maule,M-7-235,25,0.12,0.08,0.12,0.2
Champion,7FC,25,0.12,0.16,0.12,0.28
Cessna,170A,107,0.2616822429906542,0.11214953271028037,0.12149532710280374,0.37383177570093457
CIRRUS DESIGN CORP,SR20,49,0.46938775510204084,0.24489795918367346,0.12244897959183673,0.7142857142857143
Piper,PA-22-160,65,0.15384615384615385,0.16923076923076924,0.12307692307692308,0.3230769230769231
BEECH,F33A,24,0.3333333333333333,0.4166666666666667,0.125,0.75
Cessna,177A,32,0.1875,0.125,0.125,0.3125
Enstrom,280C,40,0.25,0.175,0.125,0.425
Air Tractor,AT-402,16,0.1875,0.0625,0.125,0.25
Hiller,UH-12D,16,0.0625,0.1875,0.125,0.25
Cessna,172B,56,0.19642857142857142,0.23214285714285715,0.125,0.4285714285714286
Lake,LA-4,24,0.25,0.20833333333333334,0.125,0.45833333333333337
Piper,PA-12,258,0.23255813953488372,0.10465116279069768,0.12790697674418605,0.3372093023255814
Cessna,172,1155,0.18095238095238095,0.15584415584415584,0.12813852813852813,0.33679653679653676
Taylorcraft,BC-12D,39,0.15384615384615385,0.23076923076923078,0.1282051282051282,0.38461538461538464
CESSNA,177,54,0.2777777777777778,0.37037037037037035,0.12962962962962962,0.6481481481481481
Cessna,210A,23,0.17391304347826086,0.08695652173913043,0.13043478260869565,0.2608695652173913
Piper,PA-18-150,416,0.22355769230769232,0.12259615384615384,0.13221153846153846,0.34615384615384615
PIPER,PA-32R-301T,15,0.8666666666666667,0.0,0.13333333333333333,0.8666666666666667
Aeronca,7EC,15,0.2,0.06666666666666667,0.13333333333333333,0.26666666666666666
CIRRUS DESIGN CORP,SR22T,15,0.4666666666666667,0.4,0.13333333333333333,0.8666666666666667
Cessna,150A,15,0.3333333333333333,0.0,0.13333333333333333,0.3333333333333333
Taylorcraft,F19,15,0.13333333333333333,0.06666666666666667,0.13333333333333333,0.2
Robinson,R22 Beta,75,0.18666666666666668,0.09333333333333334,0.13333333333333333,0.28
Lockheed,L-1011-385-1,15,9.0,1.2,0.13333333333333333,10.2
Stinson,108,60,0.11666666666666667,0.25,0.13333333333333333,0.3666666666666667
Taylorcraft,BC12D,15,0.0,0.26666666666666666,0.13333333333333333,0.26666666666666666
AIRBUS,A321,15,25.4,0.0,0.13333333333333333,25.4
PIPER,PA-23-250,15,1.4666666666666666,0.13333333333333333,0.13333333333333333,1.5999999999999999
Piper,J3C,30,0.26666666666666666,0.13333333333333333,0.13333333333333333,0.4
PIPER,PA-22-135,15,0.26666666666666666,0.2,0.13333333333333333,0.4666666666666667
PIPER,PA38,15,0.8,0.13333333333333333,0.13333333333333333,0.9333333333333333
CESSNA,T210N,30,0.4666666666666667,0.36666666666666664,0.13333333333333333,0.8333333333333333
Cessna,305A,66,0.12121212121212122,0.06060606060606061,0.13636363636363635,0.18181818181818182
Cessna,206G,22,0.18181818181818182,0.3181818181818182,0.13636363636363635,0.5
Piper,PA28-151,22,0.18181818181818182,0.13636363636363635,0.13636363636363635,0.3181818181818182
De Havilland,DHC-3,29,0.3793103448275862,0.5172413793103449,0.13793103448275862,0.896551724137931
Cessna,195A,29,0.27586206896551724,0.13793103448275862,0.13793103448275862,0.41379310344827586
Cessna,120,115,0.12173913043478261,0.13043478260869565,0.1391304347826087,0.25217391304347825
CESSNA,208B,64,1.03125,0.4375,0.140625,1.46875
Cessna,172D,64,0.3125,0.1875,0.140625,0.5
Cessna,182J,64,0.421875,0.25,0.140625,0.671875
Maule,M-5-235C,49,0.40816326530612246,0.14285714285714285,0.14285714285714285,0.5510204081632653
MOONEY,M20E,28,0.7857142857142857,0.21428571428571427,0.14285714285714285,1.0
CESSNA,175,28,0.17857142857142858,0.32142857142857145,0.14285714285714285,0.5
Air Tractor,301,14,0.0,0.14285714285714285,0.14285714285714285,0.14285714285714285
Piper,PA-32,42,0.47619047619047616,0.14285714285714285,0.14285714285714285,0.6190476190476191
Piper,J-3,63,0.15873015873015872,0.09523809523809523,0.14285714285714285,0.25396825396825395
Bellanca,7GCBC,140,0.2357142857142857,0.12857142857142856,0.14285714285714285,0.36428571428571427
Enstrom,F28A,14,0.14285714285714285,0.2857142857142857,0.14285714285714285,0.42857142857142855
BELL,407,70,0.7714285714285715,0.44285714285714284,0.14285714285714285,1.2142857142857144
CESSNA,172D,14,0.07142857142857142,0.2857142857142857,0.14285714285714285,0.3571428571428571
Beech,A23-19,14,0.14285714285714285,0.2857142857142857,0.14285714285714285,0.42857142857142855
Robinson,R22 Beta II,14,0.21428571428571427,0.21428571428571427,0.14285714285714285,0.42857142857142855
CESSNA,T210,28,0.8571428571428571,0.21428571428571427,0.14285714285714285,1.0714285714285714
Taylorcraft,DCO-65,14,0.2857142857142857,0.21428571428571427,0.14285714285714285,0.5
Robinson,R-22A,14,0.07142857142857142,0.14285714285714285,0.14285714285714285,0.21428571428571427
Bell,206B-3,14,0.42857142857142855,0.35714285714285715,0.14285714285714285,0.7857142857142857
Cessna,T206H,21,0.47619047619047616,0.09523809523809523,0.14285714285714285,0.5714285714285714
Piper,PA-22,171,0.1286549707602339,0.17543859649122806,0.14619883040935672,0.30409356725146197
Cessna,150,639,0.10954616588419405,0.14553990610328638,0.14710485133020346,0.25508607198748046
Luscombe,8A,155,0.17419354838709677,0.12903225806451613,0.14838709677419354,0.3032258064516129
Cessna,R172E,20,0.25,0.25,0.15,0.5
Brantly Helicopter,B-2B,20,0.05,0.1,0.15,0.15000000000000002
Fairchild,SA227-AC,20,0.6,0.3,0.15,0.8999999999999999
Cessna,A150M,20,0.2,0.2,0.15,0.4
Hughes,269A,93,0.13978494623655913,0.20430107526881722,0.15053763440860216,0.34408602150537637
Aeronca,11AC,53,0.20754716981132076,0.22641509433962265,0.1509433962264151,0.4339622641509434
PIPER,PA-32R-300,33,1.0909090909090908,0.3333333333333333,0.15151515151515152,1.424242424242424
Boeing,737-800,13,11.846153846153847,0.07692307692307693,0.15384615384615385,11.923076923076923
Schweizer,SGS 1-34,13,0.23076923076923078,0.23076923076923078,0.15384615384615385,0.46153846153846156
Cessna,T182T,13,0.46153846153846156,0.3076923076923077,0.15384615384615385,0.7692307692307693
Cessna,185A,13,0.3076923076923077,0.0,0.15384615384615385,0.3076923076923077
CESSNA,210L,13,0.46153846153846156,0.8461538461538461,0.15384615384615385,1.3076923076923077
PIPER,PA 25-235,13,0.15384615384615385,0.15384615384615385,0.15384615384615385,0.3076923076923077
MOONEY,M20J,65,0.5692307692307692,0.2,0.15384615384615385,0.7692307692307692
Cessna,150C,26,0.11538461538461539,0.19230769230769232,0.15384615384615385,0.3076923076923077
Cessna,150D,39,0.15384615384615385,0.15384615384615385,0.15384615384615385,0.3076923076923077
BELL,412,13,1.7692307692307692,0.9230769230769231,0.15384615384615385,2.6923076923076925
CESSNA,TU206G,13,0.8461538461538461,0.6153846153846154,0.15384615384615385,1.4615384615384617
Cessna,172 M,26,0.15384615384615385,0.15384615384615385,0.15384615384615385,0.3076923076923077
Cessna,207A,71,0.36619718309859156,0.15492957746478872,0.15492957746478872,0.5211267605633803
Cessna,182A,161,0.2111801242236025,0.2484472049689441,0.15527950310559005,0.45962732919254656
Cessna,172I,45,0.35555555555555557,0.28888888888888886,0.15555555555555556,0.6444444444444444
Piper,PA-38,45,0.13333333333333333,0.08888888888888889,0.15555555555555556,0.2222222222222222
Bell,206L,32,0.4375,0.34375,0.15625,0.78125
Great Lakes,2T-1A-2,32,0.0625,0.15625,0.15625,0.21875
Cessna,207,147,0.3401360544217687,0.23809523809523808,0.1564625850340136,0.5782312925170068
Cessna,150K,102,0.1568627450980392,0.10784313725490197,0.1568627450980392,0.2647058823529412
Cessna,152 II,19,0.21052631578947367,0.0,0.15789473684210525,0.21052631578947367
Waco,UPF-7,38,0.15789473684210525,0.07894736842105263,0.15789473684210525,0.23684210526315788
PIPER,PA-24-260,19,0.3157894736842105,0.10526315789473684,0.15789473684210525,0.42105263157894735
Piper,PA32R,19,0.6842105263157895,0.21052631578947367,0.15789473684210525,0.8947368421052632
Boeing,727-232,19,0.7368421052631579,1.5789473684210527,0.15789473684210525,2.3157894736842106
Piper,J5A,19,0.47368421052631576,0.15789473684210525,0.15789473684210525,0.631578947368421
Piper,PA-22-150,226,0.22123893805309736,0.18584070796460178,0.1592920353982301,0.40707964601769914
Cessna,152,2033,0.1633054599114609,0.08017707820954255,0.15937038858829317,0.24348253812100346
CESSNA,210,81,0.5308641975308642,0.2222222222222222,0.16049382716049382,0.7530864197530864
CIRRUS DESIGN CORP,SR22,143,0.5804195804195804,0.2517482517482518,0.16083916083916083,0.8321678321678322
Piper,PA-22-135,62,0.1935483870967742,0.2903225806451613,0.16129032258064516,0.4838709677419355
Robinson,R-22B,74,0.10810810810810811,0.05405405405405406,0.16216216216216217,0.16216216216216217
Robinson,R-22,117,0.21367521367521367,0.10256410256410256,0.1623931623931624,0.3162393162393162
Beech,C24R,49,0.32653061224489793,0.1836734693877551,0.16326530612244897,0.5102040816326531
Grumman-schweizer,G-164A,49,0.0,0.08163265306122448,0.16326530612244897,0.08163265306122448
Cessna,182M,55,0.2909090909090909,0.07272727272727272,0.16363636363636364,0.36363636363636365
ROBINSON,R22,61,0.6557377049180327,0.19672131147540983,0.16393442622950818,0.8524590163934426
Cessna,TU206G,61,0.639344262295082,0.11475409836065574,0.16393442622950818,0.7540983606557378
PIPER,PA28,183,0.5191256830601093,0.24043715846994534,0.16393442622950818,0.7595628415300546
Taylorcraft,BC12-D,97,0.25773195876288657,0.23711340206185566,0.16494845360824742,0.49484536082474223
CESSNA,182G,12,0.25,0.75,0.16666666666666666,1.0
CESSNA,501,12,1.4166666666666667,0.25,0.16666666666666666,1.6666666666666667
CESSNA,310,18,1.0,0.16666666666666666,0.16666666666666666,1.1666666666666667
Piper,PA-32R,24,0.16666666666666666,0.125,0.16666666666666666,0.29166666666666663
Piper,PA-15,12,0.16666666666666666,0.08333333333333333,0.16666666666666666,0.25
Schweizer,269D,12,0.3333333333333333,0.16666666666666666,0.16666666666666666,0.5
Beech,A23A,24,0.3333333333333333,0.16666666666666666,0.16666666666666666,0.5
Boeing,737-500,12,8.5,1.3333333333333333,0.16666666666666666,9.833333333333334
Hiller,UH12E,12,0.0,0.08333333333333333,0.16666666666666666,0.08333333333333333
Aerospatiale,AS350BA,12,1.25,0.4166666666666667,0.16666666666666666,1.6666666666666667
CESSNA,R182,30,0.4,0.2,0.16666666666666666,0.6000000000000001
ROBINSON HELICOPTER CO,R66,18,0.6111111111111112,0.0,0.16666666666666666,0.6111111111111112
Stinson,108-1,72,0.125,0.08333333333333333,0.16666666666666666,0.20833333333333331
Grumman,AA5,12,0.16666666666666666,0.25,0.16666666666666666,0.41666666666666663
Mcdonnell Douglas,DC-9-32,18,14.555555555555555,0.0,0.16666666666666666,14.555555555555555
Robinson,R22A,18,0.3888888888888889,0.1111111111111111,0.16666666666666666,0.5
Helio,H-250,12,0.16666666666666666,0.08333333333333333,0.16666666666666666,0.25
BEECH,200,24,1.0833333333333333,0.125,0.16666666666666666,1.2083333333333333
Piper,J3C-65,173,0.23699421965317918,0.3179190751445087,0.1676300578034682,0.5549132947976878
Cessna,175,125,0.224,0.2,0.168,0.42400000000000004
Cessna,172F,101,0.19801980198019803,0.2079207920792079,0.16831683168316833,0.40594059405940597
Aeronca,7AC,195,0.15384615384615385,0.26153846153846155,0.16923076923076924,0.4153846153846154
Bell,47G,76,0.21052631578947367,0.14473684210526316,0.17105263157894737,0.35526315789473684
PIPER,PA28R,35,0.6,0.17142857142857143,0.17142857142857143,0.7714285714285714
Cessna,150H,209,0.1674641148325359,0.20574162679425836,0.1722488038277512,0.37320574162679426
Cessna,180J,58,0.25862068965517243,0.08620689655172414,0.1724137931034483,0.3448275862068966
Air Tractor,AT301,29,0.034482758620689655,0.10344827586206896,0.1724137931034483,0.13793103448275862
Cessna,182,423,0.2293144208037825,0.14184397163120568,0.17257683215130024,0.37115839243498816
CESSNA,310R,23,0.8260869565217391,0.13043478260869565,0.17391304347826086,0.9565217391304348
Piper,PA-24,46,0.2608695652173913,0.13043478260869565,0.17391304347826086,0.3913043478260869
CESSNA,182,195,0.5538461538461539,0.3333333333333333,0.17435897435897435,0.8871794871794871
Air Tractor,AT-301,143,0.1048951048951049,0.09090909090909091,0.17482517482517482,0.1958041958041958
Air Tractor,AT-502B,40,0.1,0.075,0.175,0.175
Cessna,182S,40,0.4,0.075,0.175,0.47500000000000003
Grumman,G-164,80,0.0375,0.125,0.175,0.1625
Champion,7ECA,114,0.19298245614035087,0.24561403508771928,0.17543859649122806,0.43859649122807015
Cessna,150M,507,0.17159763313609466,0.11439842209072978,0.1755424063116371,0.2859960552268245
PIPER,PA46,34,0.5,0.23529411764705882,0.17647058823529413,0.7352941176470589
Bell,47G-2A,17,0.058823529411764705,0.11764705882352941,0.17647058823529413,0.1764705882352941
Douglas,DC-9-31,17,3.5294117647058822,1.1176470588235294,0.17647058823529413,4.647058823529411
Piper,PA-24-400,17,0.29411764705882354,0.0,0.17647058823529413,0.29411764705882354
Bell,206,51,0.49019607843137253,0.39215686274509803,0.17647058823529413,0.8823529411764706
BEECH,G35,17,0.6470588235294118,0.058823529411764705,0.17647058823529413,0.7058823529411765
Cessna,172L,129,0.26356589147286824,0.16279069767441862,0.17829457364341086,0.42635658914728686
BEECH,V35B,28,0.4642857142857143,0.21428571428571427,0.17857142857142858,0.6785714285714286
Schweizer,269C,106,0.16981132075471697,0.22641509433962265,0.1792452830188679,0.39622641509433965
Bellanca,7ECA,94,0.22340425531914893,0.19148936170212766,0.18085106382978725,0.4148936170212766
CESSNA,T310R,11,1.4545454545454546,0.09090909090909091,0.18181818181818182,1.5454545454545454
Bell,47G-5,33,0.15151515151515152,0.18181818181818182,0.18181818181818182,0.33333333333333337
CESSNA,U206F,22,1.3181818181818181,0.3181818181818182,0.18181818181818182,1.6363636363636362
BEECH,P35,11,0.7272727272727273,0.45454545454545453,0.18181818181818182,1.1818181818181819
Taylorcraft,BC-65,11,0.45454545454545453,0.2727272727272727,0.18181818181818182,0.7272727272727273
Ayres,S2R-G10,11,0.09090909090909091,0.0,0.18181818181818182,0.09090909090909091
Kaman,K-1200,11,0.2727272727272727,0.09090909090909091,0.18181818181818182,0.36363636363636365
Cessna,180F,11,0.36363636363636365,0.2727272727272727,0.18181818181818182,0.6363636363636364
MCDONNELL DOUGLAS,MD11,11,0.45454545454545453,0.18181818181818182,0.18181818181818182,0.6363636363636364
Cessna,T210,43,0.18604651162790697,0.3953488372093023,0.18604651162790697,0.5813953488372092
Cessna,182RG,59,0.2033898305084746,0.23728813559322035,0.1864406779661017,0.44067796610169496
Piper,PA-44-180,75,0.5066666666666667,0.09333333333333334,0.18666666666666668,0.6000000000000001
Stinson,108-2,75,0.22666666666666666,0.28,0.18666666666666668,0.5066666666666667
Cessna,150J,198,0.2222222222222222,0.14646464646464646,0.18686868686868688,0.3686868686868687
De Havilland,DHC-2,123,0.7723577235772358,0.21951219512195122,0.18699186991869918,0.991869918699187
BEECH,B200,16,1.4375,1.1875,0.1875,2.625
CESSNA,182D,16,0.25,0.25,0.1875,0.5
Cessna,180G,16,0.5,0.1875,0.1875,0.6875
Piper,PA-22-108,80,0.2,0.2625,0.1875,0.4625
Aeronca,7DC,16,0.1875,0.125,0.1875,0.3125
RAYTHEON AIRCRAFT COMPANY,A36,16,0.625,0.5625,0.1875,1.1875
Bell,47G-5A,16,0.125,0.0,0.1875,0.125
Champion,7KCAB,48,0.3333333333333333,0.0625,0.1875,0.3958333333333333
Stinson,108-3,79,0.189873417721519,0.1518987341772152,0.189873417721519,0.3417721518987342
Hughes,369D,179,0.22346368715083798,0.27932960893854747,0.18994413407821228,0.5027932960893855
Grumman,AA-5,21,0.2857142857142857,0.19047619047619047,0.19047619047619047,0.47619047619047616
Cessna,172XP,21,0.2857142857142857,0.047619047619047616,0.19047619047619047,0.3333333333333333
Cessna,210,157,0.3821656050955414,0.10828025477707007,0.1910828025477707,0.49044585987261147
Robinson,R22 BETA,68,0.20588235294117646,0.14705882352941177,0.19117647058823528,0.3529411764705882
Cessna,172H,136,0.25,0.22794117647058823,0.19117647058823528,0.4779411764705882
Cessna,180B,26,0.23076923076923078,0.19230769230769232,0.19230769230769232,0.42307692307692313
CESSNA,208,52,1.5192307692307692,0.5192307692307693,0.19230769230769232,2.0384615384615383
Pitts,S-2B,26,0.38461538461538464,0.19230769230769232,0.19230769230769232,0.576923076923077
Boeing,737-400,26,6.346153846153846,1.3076923076923077,0.19230769230769232,7.653846153846153
Cessna,172M,629,0.2845786963434022,0.20508744038155802,0.19236883942766295,0.48966613672496023
PIPER,PA-32-260,31,1.096774193548387,0.4838709677419355,0.1935483870967742,1.5806451612903225
Cessna,402,31,0.5161290322580645,0.0967741935483871,0.1935483870967742,0.6129032258064516
Beech,B19,36,0.1388888888888889,0.05555555555555555,0.19444444444444445,0.19444444444444445
Beech,55,36,0.2222222222222222,0.05555555555555555,0.19444444444444445,0.2777777777777778
Champion,7EC,41,0.3170731707317073,0.2682926829268293,0.1951219512195122,0.5853658536585367
Cessna,150F,214,0.2102803738317757,0.19158878504672897,0.19626168224299065,0.40186915887850466
Cessna,150G,202,0.2079207920792079,0.18316831683168316,0.19801980198019803,0.3910891089108911
EUROCOPTER,AS 350 B2,25,0.8,0.32,0.2,1.12
Enstrom,280FX,10,0.4,0.1,0.2,0.5
Enstrom,F-28C,45,0.044444444444444446,0.15555555555555556,0.2,0.2
Wsk Pzl Mielec,PZL-M-18,15,0.06666666666666667,0.13333333333333333,0.2,0.2
Piper,PA-28-140B,10,0.0,0.2,0.2,0.2
Aero Commander,S2R,55,0.05454545454545454,0.03636363636363636,0.2,0.09090909090909091
Beech,E35,15,0.2,0.6666666666666666,0.2,0.8666666666666667
Piper,PA-18A,35,0.2571428571428571,0.17142857142857143,0.2,0.42857142857142855
Aerospatiale,SA316B,15,0.26666666666666666,0.6666666666666666,0.2,0.9333333333333333
Air Tractor,AT-400A,10,0.1,0.1,0.2,0.2
Beech,BE-23,20,0.2,0.0,0.2,0.2
Air Tractor,AT-402A,10,0.2,0.2,0.2,0.4
Beech,B35,30,0.26666666666666666,0.26666666666666666,0.2,0.5333333333333333
Ryan,NAVION,20,0.25,0.7,0.2,0.95
Air Tractor,AT-602,20,0.2,0.05,0.2,0.25
Beech,23,80,0.325,0.275,0.2,0.6000000000000001
BEECH,A36TC,20,0.8,0.6,0.2,1.4
SWEARINGEN,SA227,10,1.7,1.6,0.2,3.3
BEECH,1900C,10,0.5,0.0,0.2,0.5
Ayres,S2R-600,15,0.06666666666666667,0.0,0.2,0.06666666666666667
Aviat,A1,10,0.1,0.4,0.2,0.5
Bell,47-G5,10,0.1,0.2,0.2,0.30000000000000004
Bell,47,10,0.0,0.2,0.2,0.2
Aero Commander,200D,10,0.2,0.4,0.2,0.6000000000000001
Learjet,24,10,0.9,0.5,0.2,1.4
Cessna,210B,25,0.6,0.24,0.2,0.84
Cessna,206H,10,0.2,0.2,0.2,0.4
Air Tractor,AT502,20,0.3,0.15,0.2,0.44999999999999996
Champion,8GCBC,10,0.4,0.3,0.2,0.7
PIPER,PA 30,10,0.4,0.3,0.2,0.7
CESSNA,525,25,0.68,0.24,0.2,0.92
CESSNA,T206H,25,0.68,0.36,0.2,1.04
Cessna,206,184,0.43478260869565216,0.14130434782608695,0.20108695652173914,0.5760869565217391
Cessna,172K,173,0.2947976878612717,0.1907514450867052,0.2023121387283237,0.48554913294797686
Cessna,182C,59,0.4745762711864407,0.1864406779661017,0.2033898305084746,0.6610169491525424
Cessna,A185F,195,0.3128205128205128,0.15384615384615385,0.20512820512820512,0.4666666666666667
Robinson,R22,165,0.2,0.15151515151515152,0.20606060606060606,0.35151515151515156
BEECH,58,63,1.1904761904761905,0.19047619047619047,0.20634920634920634,1.380952380952381
Piper,PA-38-112,402,0.21393034825870647,0.1318407960199005,0.2064676616915423,0.345771144278607
Bell,47G-3B-1,58,0.08620689655172414,0.20689655172413793,0.20689655172413793,0.2931034482758621
Aero Commander,100,29,0.13793103448275862,0.13793103448275862,0.20689655172413793,0.27586206896551724
Cessna,172G,116,0.25862068965517243,0.16379310344827586,0.20689655172413793,0.4224137931034483
Beech,C-45H,24,0.625,0.16666666666666666,0.20833333333333334,0.7916666666666666
MOONEY,M20C,43,0.5581395348837209,0.37209302325581395,0.20930232558139536,0.9302325581395349
Cessna,172E,86,0.19767441860465115,0.18604651162790697,0.20930232558139536,0.38372093023255816
AIR TRACTOR INC,AT 502B,19,0.2631578947368421,0.15789473684210525,0.21052631578947367,0.42105263157894735
Christen Industries,A-1,19,0.2631578947368421,0.2631578947368421,0.21052631578947367,0.5263157894736842
Piper,PA-34,19,0.8947368421052632,0.10526315789473684,0.21052631578947367,1.0
Beech,D35,19,0.3157894736842105,0.10526315789473684,0.21052631578947367,0.42105263157894735
PIPER,PA23,19,0.5789473684210527,0.10526315789473684,0.21052631578947367,0.6842105263157895
Bell,47G-3B1,19,0.3684210526315789,0.5263157894736842,0.21052631578947367,0.894736842105263
Ryan,ST3KR,19,0.3157894736842105,0.21052631578947367,0.21052631578947367,0.5263157894736842
Cessna,172N,929,0.35522066738428415,0.15392895586652314,0.21420882669537136,0.5091496232508073
Globe,GC-1B,56,0.3392857142857143,0.21428571428571427,0.21428571428571427,0.5535714285714286
Swearingen,SA-226T,14,0.07142857142857142,0.07142857142857142,0.21428571428571427,0.14285714285714285
Hughes,369E,28,0.32142857142857145,0.4642857142857143,0.21428571428571427,0.7857142857142858
Gulfstream American,AA-5B,14,0.42857142857142855,0.07142857142857142,0.21428571428571427,0.5
AERO COMMANDER,S2R,14,0.21428571428571427,0.07142857142857142,0.21428571428571427,0.2857142857142857
CESSNA,421,14,0.6428571428571429,0.5714285714285714,0.21428571428571427,1.2142857142857144
Bell,206A,14,0.42857142857142855,0.35714285714285715,0.21428571428571427,0.7857142857142857
Bell,47G-3B,14,0.0,0.21428571428571427,0.21428571428571427,0.21428571428571427
BEECH,A36,126,0.7222222222222222,0.24603174603174602,0.21428571428571427,0.9682539682539683
Aero Commander,500,14,0.7857142857142857,0.0,0.21428571428571427,0.7857142857142857
Alon,A2,14,0.21428571428571427,0.0,0.21428571428571427,0.21428571428571427
Air Tractor,AT-802A,14,0.14285714285714285,0.0,0.21428571428571427,0.14285714285714285
Cessna,172P,573,0.3717277486910995,0.16230366492146597,0.21465968586387435,0.5340314136125655
Bellanca,8GCBC,93,0.3118279569892473,0.06451612903225806,0.21505376344086022,0.3763440860215054
Schweizer,G-164B,93,0.06451612903225806,0.10752688172043011,0.21505376344086022,0.17204301075268819
Rockwell,S-2R,88,0.1590909090909091,0.09090909090909091,0.2159090909090909,0.25
Cessna,210L,111,0.36036036036036034,0.24324324324324326,0.21621621621621623,0.6036036036036037
Beech,77,46,0.34782608695652173,0.1956521739130435,0.21739130434782608,0.5434782608695652
Cessna,188A,23,0.08695652173913043,0.13043478260869565,0.21739130434782608,0.21739130434782608
Robinson,R44,124,0.6935483870967742,0.31451612903225806,0.21774193548387097,1.0080645161290323
Cessna,182B,73,0.5068493150684932,0.2328767123287671,0.2191780821917808,0.7397260273972603
Cessna,172C,41,0.34146341463414637,0.2926829268292683,0.21951219512195122,0.6341463414634146
Cessna,177,222,0.3333333333333333,0.23423423423423423,0.22072072072072071,0.5675675675675675
Cessna,150B,18,0.2777777777777778,0.1111111111111111,0.2222222222222222,0.3888888888888889
Piper,PA-18A-150,36,0.25,0.25,0.2222222222222222,0.5
Weatherly,620B,18,0.2777777777777778,0.05555555555555555,0.2222222222222222,0.33333333333333337
CESSNA,402,18,0.8888888888888888,0.2777777777777778,0.2222222222222222,1.1666666666666665
Bell,206BIII,18,0.6111111111111112,0.3333333333333333,0.2222222222222222,0.9444444444444444
Maule,M-5-210C,18,0.3333333333333333,0.16666666666666666,0.2222222222222222,0.5
Rockwell,112A,18,0.16666666666666666,0.2222222222222222,0.2222222222222222,0.38888888888888884
Cessna,150L,386,0.266839378238342,0.17875647668393782,0.22279792746113988,0.4455958549222798
Grumman,G-164A,323,0.04953560371517028,0.07739938080495357,0.22291021671826625,0.12693498452012386
Air Tractor,AT-401,67,0.05970149253731343,0.08955223880597014,0.22388059701492538,0.14925373134328357
Champion,7GCAA,40,0.2,0.125,0.225,0.325
PIPER,PA-32-300,31,0.7741935483870968,0.22580645161290322,0.22580645161290322,1.0
Maule,M-6-235,22,0.2727272727272727,0.13636363636363635,0.22727272727272727,0.40909090909090906
CESSNA,U206,35,0.8,0.45714285714285713,0.22857142857142856,1.2571428571428571
Piper,PA-25,48,0.16666666666666666,0.16666666666666666,0.22916666666666666,0.3333333333333333
Piper,PA-11,48,0.1875,0.1875,0.22916666666666666,0.375
Cessna,177RG,187,0.44919786096256686,0.20855614973262032,0.22994652406417113,0.6577540106951871
Hiller,UH-12E,139,0.08633093525179857,0.17266187050359713,0.2302158273381295,0.2589928057553957
BELL,212,13,1.0,0.9230769230769231,0.23076923076923078,1.9230769230769231
Cessna,T210K,13,0.23076923076923078,0.3076923076923077,0.23076923076923078,0.5384615384615385
Grumman,164A,13,0.07692307692307693,0.07692307692307693,0.23076923076923078,0.15384615384615385
Boeing,737-200,52,17.423076923076923,1.6730769230769231,0.23076923076923078,19.096153846153847
Lake,LA-4-200,65,0.26153846153846155,0.4,0.23076923076923078,0.6615384615384616
CESSNA,182L,13,0.5384615384615384,0.38461538461538464,0.23076923076923078,0.9230769230769231
Piper,PA-18-125,13,0.6923076923076923,0.3076923076923077,0.23076923076923078,1.0
Beech,BE-76,13,0.46153846153846156,0.3076923076923077,0.23076923076923078,0.7692307692307693
Hiller,FH-1100,13,0.46153846153846156,0.0,0.23076923076923078,0.46153846153846156
PIPER,PA-32R-301,13,0.6923076923076923,0.07692307692307693,0.23076923076923078,0.7692307692307692
MD HELICOPTER,369,13,0.5384615384615384,0.0,0.23076923076923078,0.5384615384615384
Socata,TBM 700,13,0.9230769230769231,0.0,0.23076923076923078,0.9230769230769231
Piper,PA-31T1,13,0.6153846153846154,0.07692307692307693,0.23076923076923078,0.6923076923076923
Piper,PA28-140,30,0.36666666666666664,0.13333333333333333,0.23333333333333334,0.5
HUGHES,369,30,0.4666666666666667,0.1,0.23333333333333334,0.5666666666666667
Beech,M35,30,0.23333333333333334,0.26666666666666666,0.23333333333333334,0.5
Cessna,T310R,30,0.4,0.13333333333333333,0.23333333333333334,0.5333333333333333
Piper,PA-28,124,0.25806451612903225,0.1693548387096774,0.23387096774193547,0.42741935483870963
Robinson,R22B,47,0.2765957446808511,0.14893617021276595,0.23404255319148937,0.425531914893617
Schweizer,SGS 1-26E,17,0.11764705882352941,0.47058823529411764,0.23529411764705882,0.5882352941176471
BEECH,S35,17,0.7647058823529411,0.17647058823529413,0.23529411764705882,0.9411764705882353
Beech,A35,34,0.47058823529411764,0.20588235294117646,0.23529411764705882,0.6764705882352942
Bell,47D1,34,0.2647058823529412,0.29411764705882354,0.23529411764705882,0.5588235294117647
PIPER,PA34,34,1.2058823529411764,0.23529411764705882,0.23529411764705882,1.4411764705882353
Piper,PA28R,34,0.29411764705882354,0.11764705882352941,0.23529411764705882,0.4117647058823529
Air Tractor,AT-400,17,0.17647058823529413,0.11764705882352941,0.23529411764705882,0.29411764705882354
Piper,PA-18-135,38,0.34210526315789475,0.07894736842105263,0.23684210526315788,0.42105263157894735
Cessna,A188,21,0.14285714285714285,0.14285714285714285,0.23809523809523808,0.2857142857142857
Cessna,310D,21,0.5714285714285714,0.2857142857142857,0.23809523809523808,0.8571428571428571
Cessna,188,88,0.07954545454545454,0.125,0.23863636363636365,0.20454545454545453
Piper,PA-28R-201,67,0.34328358208955223,0.208955223880597,0.23880597014925373,0.5522388059701493
Beech,36,46,0.41304347826086957,0.043478260869565216,0.2391304347826087,0.4565217391304348
Grumman,AA-1B,25,0.36,0.16,0.24,0.52
Bell,47G2,25,0.16,0.2,0.24,0.36
Cessna,182K,54,0.18518518518518517,0.18518518518518517,0.24074074074074073,0.37037037037037035
Cessna,182Q,211,0.47393364928909953,0.10426540284360189,0.24170616113744076,0.5781990521327014
Cessna,401,33,0.7272727272727273,0.12121212121212122,0.24242424242424243,0.8484848484848485
Grumman,AA-5B,33,0.2727272727272727,0.18181818181818182,0.24242424242424243,0.45454545454545453
Cessna,152II,33,0.06060606060606061,0.21212121212121213,0.24242424242424243,0.2727272727272727
Piper,PA-28R-201T,70,0.42857142857142855,0.14285714285714285,0.24285714285714285,0.5714285714285714
Cessna,210D,37,0.32432432432432434,0.13513513513513514,0.24324324324324326,0.4594594594594595
Hughes,269C,156,0.17307692307692307,0.17307692307692307,0.24358974358974358,0.34615384615384615
Cessna,188B,82,0.0975609756097561,0.04878048780487805,0.24390243902439024,0.14634146341463417
Cessna,172A,49,0.20408163265306123,0.14285714285714285,0.24489795918367346,0.3469387755102041
Air Tractor,AT-502,53,0.1509433962264151,0.1320754716981132,0.24528301886792453,0.2830188679245283
Piper,PA-32-301,57,0.7543859649122807,0.12280701754385964,0.24561403508771928,0.8771929824561404
Beech,C23,134,0.44776119402985076,0.20149253731343283,0.2462686567164179,0.6492537313432836
Ercoupe (eng & Research Corp.),415-C,73,0.2328767123287671,0.1232876712328767,0.2465753424657534,0.3561643835616438
Brantly Helicopter,B-2,12,0.25,0.08333333333333333,0.25,0.3333333333333333
Ercoupe,415-C,16,0.4375,0.1875,0.25,0.625
Cessna,P206,20,0.9,0.55,0.25,1.4500000000000002
Mooney,M-20C,16,0.8125,0.375,0.25,1.1875
VANS,RV4,12,0.5833333333333334,0.16666666666666666,0.25,0.75
Ryan,NAVION A,12,0.5,0.25,0.25,0.75
AIR TRACTOR INC,AT 602,12,0.5,0.0,0.25,0.5
BEECH,V35,28,1.2857142857142858,0.17857142857142858,0.25,1.4642857142857144
Bell,206-L3,12,0.4166666666666667,0.75,0.25,1.1666666666666667
Piper,PA32,32,0.59375,0.5,0.25,1.09375
Grumman,AA-5A,32,0.3125,0.40625,0.25,0.71875
Douglas,DC-3C,20,0.6,0.1,0.25,0.7
Piper,PA46,24,0.5416666666666666,0.20833333333333334,0.25,0.75
Bellanca,17-30,40,0.375,0.325,0.25,0.7
Schleicher,ASW-20,20,0.3,0.2,0.25,0.5
Cessna,210F,12,0.16666666666666666,0.16666666666666666,0.25,0.3333333333333333
Beech,A23,44,0.4318181818181818,0.2727272727272727,0.25,0.7045454545454546
Cessna,U206E,12,1.0833333333333333,0.16666666666666666,0.25,1.25
CIRRUS,SR22,52,0.5961538461538461,0.19230769230769232,0.25,0.7884615384615384
Beech,B90,16,0.875,0.125,0.25,1.0
Robinson,R-22 Beta,20,0.55,0.15,0.25,0.7000000000000001
Gulfstream-schweizer,G-164B,16,0.0625,0.125,0.25,0.1875
CESSNA,414,16,0.25,0.4375,0.25,0.6875
Piper,PA-28R,20,0.25,0.25,0.25,0.5
Cirrus Design Corp.,SR-22,16,0.6875,0.125,0.25,0.8125
Piper,PA-28-161,463,0.3801295896328294,0.17494600431965443,0.2505399568034557,0.5550755939524838
Cessna,182G,63,0.4603174603174603,0.2222222222222222,0.25396825396825395,0.6825396825396826
Piper,PA-34-200,105,0.41904761904761906,0.1523809523809524,0.2571428571428571,0.5714285714285714
PIPER,PA32,31,0.45161290322580644,0.06451612903225806,0.25806451612903225,0.5161290322580645
Beech,35,120,0.3333333333333333,0.375,0.25833333333333336,0.7083333333333333
Bellanca,7GCAA,27,0.2962962962962963,0.1111111111111111,0.25925925925925924,0.4074074074074074
Piper,PA-23-160,65,0.47692307692307695,0.3230769230769231,0.26153846153846155,0.8
Cessna,182N,65,0.3230769230769231,0.27692307692307694,0.26153846153846155,0.6000000000000001
Cessna,T188C,84,0.08333333333333333,0.10714285714285714,0.2619047619047619,0.19047619047619047
Piper,PA-24-250,290,0.5,0.2413793103448276,0.2620689655172414,0.7413793103448276
Cessna,150E,61,0.18032786885245902,0.16393442622950818,0.26229508196721313,0.3442622950819672
Mooney,M20E,114,0.4298245614035088,0.15789473684210525,0.2631578947368421,0.5877192982456141
AIR TRACTOR,AT502,19,0.631578947368421,0.21052631578947367,0.2631578947368421,0.8421052631578947
Piper,PA-60,19,0.5263157894736842,0.10526315789473684,0.2631578947368421,0.631578947368421
Bellanca,17-31ATC,19,0.7894736842105263,0.21052631578947367,0.2631578947368421,1.0
Beech,H35,38,0.5526315789473685,0.10526315789473684,0.2631578947368421,0.6578947368421053
Gates Learjet,35A,19,0.47368421052631576,0.3684210526315789,0.2631578947368421,0.8421052631578947
Bell,OH-58A,19,0.3157894736842105,0.05263157894736842,0.2631578947368421,0.3684210526315789
Cessna,R172K,72,0.4166666666666667,0.1527777777777778,0.2638888888888889,0.5694444444444444
Piper,PA-28-140,749,0.3444592790387183,0.2696929238985314,0.2643524699599466,0.6141522029372497
Cessna,R182,87,0.47126436781609193,0.12643678160919541,0.26436781609195403,0.5977011494252873
Mcdonnell Douglas,369E,34,0.20588235294117646,0.38235294117647056,0.2647058823529412,0.588235294117647
Piper,PA-28-151,147,0.3197278911564626,0.23809523809523808,0.2653061224489796,0.5578231292517006
AYRES,S2R,15,0.4,0.0,0.26666666666666666,0.4
Eagle Aircraft Co.,DW-1,30,0.03333333333333333,0.03333333333333333,0.26666666666666666,0.06666666666666667
CESSNA,P210,15,1.0,0.26666666666666666,0.26666666666666666,1.2666666666666666
CESSNA,TU206,15,1.4,0.4,0.26666666666666666,1.7999999999999998
Piper,PA34,15,1.0,0.6,0.26666666666666666,1.6
Piper,PA-46,15,0.7333333333333333,0.06666666666666667,0.26666666666666666,0.7999999999999999
Beech,B55,15,0.6666666666666666,0.0,0.26666666666666666,0.6666666666666666
Grumman American,AA-1B,30,0.2,0.16666666666666666,0.26666666666666666,0.3666666666666667
Rockwell,112TC,15,1.3333333333333333,0.13333333333333333,0.26666666666666666,1.4666666666666666
Cessna,172Q,15,0.06666666666666667,0.26666666666666666,0.26666666666666666,0.3333333333333333
Bell,206L-3,78,0.6410256410256411,0.5256410256410257,0.2692307692307692,1.1666666666666667
Cessna,310L,26,0.2692307692307692,0.11538461538461539,0.2692307692307692,0.3846153846153846
Beech,76,48,0.4375,0.2708333333333333,0.2708333333333333,0.7083333333333333
Grumman,G-164B,177,0.0847457627118644,0.06779661016949153,0.2711864406779661,0.15254237288135591
Bell,47G-2,70,0.11428571428571428,0.1,0.2714285714285714,0.2142857142857143
Piper,PA-25-235,210,0.11904761904761904,0.1619047619047619,0.2714285714285714,0.28095238095238095
Bell,OH-58C,11,0.2727272727272727,0.2727272727272727,0.2727272727272727,0.5454545454545454
BEECH,C24R,11,0.7272727272727273,0.45454545454545453,0.2727272727272727,1.1818181818181819
Ercoupe (eng & Research Corp.),415-CD,11,0.36363636363636365,0.09090909090909091,0.2727272727272727,0.4545454545454546
ROBINSON,R44 II,11,1.1818181818181819,0.2727272727272727,0.2727272727272727,1.4545454545454546
Pitts,S2B,11,0.18181818181818182,0.45454545454545453,0.2727272727272727,0.6363636363636364
Pitts,S-1S,11,0.0,0.2727272727272727,0.2727272727272727,0.2727272727272727
Grumman,AA-1C,11,0.09090909090909091,0.09090909090909091,0.2727272727272727,0.18181818181818182
Piper,PA28-181,11,0.5454545454545454,0.0,0.2727272727272727,0.5454545454545454
Cessna,182F,55,0.38181818181818183,0.2,0.2727272727272727,0.5818181818181818
Swearingen,SA-226TC,11,2.3636363636363638,0.0,0.2727272727272727,2.3636363636363638
Cessna,TU206,11,0.18181818181818182,0.09090909090909091,0.2727272727272727,0.2727272727272727
Weatherly,620,11,0.18181818181818182,0.09090909090909091,0.2727272727272727,0.2727272727272727
Bell,206L3,11,0.2727272727272727,0.6363636363636364,0.2727272727272727,0.9090909090909091
Hughes,TH-55,11,0.2727272727272727,0.18181818181818182,0.2727272727272727,0.45454545454545453
Cessna,182H,55,0.2909090909090909,0.23636363636363636,0.2727272727272727,0.5272727272727272
Beech,C-99,11,2.0,0.0,0.2727272727272727,2.0
Diamond Aircraft Industries,DA 20-A1,11,0.0,0.2727272727272727,0.2727272727272727,0.2727272727272727
Hughes,369A,11,0.2727272727272727,0.45454545454545453,0.2727272727272727,0.7272727272727273
Piper,PA-28-160,62,0.4032258064516129,0.43548387096774194,0.27419354838709675,0.8387096774193548
Bellanca,7KCAB,51,0.2549019607843137,0.0784313725490196,0.27450980392156865,0.3333333333333333
Hughes,369HS,69,0.391304347826087,0.2898550724637681,0.2753623188405797,0.6811594202898551
Cessna,A188B,272,0.13602941176470587,0.1213235294117647,0.2757352941176471,0.25735294117647056
Hughes,OH-6A,29,0.13793103448275862,0.3793103448275862,0.27586206896551724,0.5172413793103448
Grumman-schweizer,G-164B,58,0.08620689655172414,0.08620689655172414,0.27586206896551724,0.1724137931034483
Beech,1900C,29,2.0689655172413794,0.27586206896551724,0.27586206896551724,2.344827586206897
Cessna,177B,123,0.4715447154471545,0.13821138211382114,0.2764227642276423,0.6097560975609756
Piper,PA-28R-200,282,0.5886524822695035,0.21631205673758866,0.2765957446808511,0.8049645390070922
North American,NAVION,18,0.3333333333333333,0.0,0.2777777777777778,0.3333333333333333
CESSNA,A188,18,0.5555555555555556,0.05555555555555555,0.2777777777777778,0.6111111111111112
Piper,PA-32-301T,18,0.7777777777777778,0.5,0.2777777777777778,1.2777777777777777
Piper,PA-32-300,306,0.5915032679738562,0.28431372549019607,0.2777777777777778,0.8758169934640523
Cessna,401A,18,0.8333333333333334,0.1111111111111111,0.2777777777777778,0.9444444444444444
Cessna,310,68,0.5735294117647058,0.1323529411764706,0.27941176470588236,0.7058823529411764
Schweizer,G-164A,25,0.12,0.04,0.28,0.16
Cirrus,SR22,50,0.58,0.52,0.28,1.1
Grumman,G164,25,0.12,0.2,0.28,0.32
Cessna,310C,25,0.36,0.28,0.28,0.64
Cirrus Design Corp.,SR22,32,0.5625,0.21875,0.28125,0.78125
Hughes,269B,53,0.22641509433962265,0.07547169811320754,0.2830188679245283,0.3018867924528302
Bell,412,21,0.7142857142857143,0.6190476190476191,0.2857142857142857,1.3333333333333335
Ercoupe (eng & Research Corp.),415C,28,0.25,0.14285714285714285,0.2857142857142857,0.39285714285714285
I.c.a. Brasov,IS-28B2,14,0.14285714285714285,0.42857142857142855,0.2857142857142857,0.5714285714285714
Aerospatiale,AS350D,14,0.9285714285714286,0.5,0.2857142857142857,1.4285714285714286
Beech,A23-24,28,0.42857142857142855,0.21428571428571427,0.2857142857142857,0.6428571428571428
Beech,BE-58,28,0.5357142857142857,0.07142857142857142,0.2857142857142857,0.6071428571428571
Cessna,210G,14,0.14285714285714285,0.2857142857142857,0.2857142857142857,0.42857142857142855
Mooney,M20B,14,0.35714285714285715,0.07142857142857142,0.2857142857142857,0.4285714285714286
Aeronca,7BCM,21,0.19047619047619047,0.14285714285714285,0.2857142857142857,0.3333333333333333
Republic,RC-3,21,0.14285714285714285,0.3333333333333333,0.2857142857142857,0.47619047619047616
Grumman,AA5B,14,0.21428571428571427,0.35714285714285715,0.2857142857142857,0.5714285714285714
Cessna,T210R,14,0.35714285714285715,0.07142857142857142,0.2857142857142857,0.4285714285714286
Cessna,172RG,192,0.46875,0.203125,0.2864583333333333,0.671875
Piper,PA-28-180,475,0.47789473684210526,0.25473684210526315,0.28842105263157897,0.7326315789473684
Rockwell,S2R,38,0.02631578947368421,0.02631578947368421,0.2894736842105263,0.05263157894736842
Cessna,182L,62,0.4032258064516129,0.27419354838709675,0.2903225806451613,0.6774193548387096
Cessna,U206,55,0.7636363636363637,0.2545454545454545,0.2909090909090909,1.018181818181818
Cessna,175A,24,0.5833333333333334,0.16666666666666666,0.2916666666666667,0.75
Mooney,M20M,24,0.4583333333333333,0.20833333333333334,0.2916666666666667,0.6666666666666666
Cessna,182E,58,0.5344827586206896,0.13793103448275862,0.29310344827586204,0.6724137931034482
Mooney,M20C,167,0.40119760479041916,0.2215568862275449,0.2934131736526946,0.6227544910179641
Cessna,402A,17,0.47058823529411764,0.17647058823529413,0.29411764705882354,0.6470588235294118
CESSNA,560,17,0.5294117647058824,0.0,0.29411764705882354,0.5294117647058824
Cessna,208,51,1.2549019607843137,0.3333333333333333,0.29411764705882354,1.588235294117647
Boeing,A75,17,0.11764705882352941,0.17647058823529413,0.29411764705882354,0.29411764705882354
Piper,PA-24-180,88,0.7272727272727273,0.2159090909090909,0.29545454545454547,0.9431818181818182
Beech,B23,27,0.4444444444444444,0.37037037037037035,0.2962962962962963,0.8148148148148148
Mooney,M20A,27,0.5185185185185185,0.18518518518518517,0.2962962962962963,0.7037037037037037
Bell,206B3,27,0.5555555555555556,0.3333333333333333,0.2962962962962963,0.8888888888888888
Beech,B24R,20,0.9,0.4,0.3,1.3
Beech,K35,40,0.6,0.375,0.3,0.975
Piper,PA28R-200,10,0.4,0.1,0.3,0.5
Gates Learjet,25B,10,0.6,0.3,0.3,0.8999999999999999
Pzl-mielec,M-18A,10,0.0,0.2,0.3,0.2
Piper,PA-44-180T,10,0.3,0.1,0.3,0.4
Beech,B100,10,1.3,0.9,0.3,2.2
Piper,PA22-150,10,0.4,0.2,0.3,0.6000000000000001
Hiller,12E,10,0.0,0.1,0.3,0.1
Piper,PA24-250,10,0.1,0.4,0.3,0.5
Cessna,402B,110,0.9,0.2909090909090909,0.3,1.190909090909091
Naval Aircraft Factory,N3N-3,10,0.2,0.3,0.3,0.5
Piper,PA23,10,1.0,0.0,0.3,1.0
Piper,PA-30B,10,0.5,0.0,0.3,0.5
BELL,206,116,0.896551724137931,0.25,0.3017241379310345,1.146551724137931
Cessna,182P,271,0.4095940959409594,0.15867158671586715,0.3025830258302583,0.5682656826568265
Piper,PA-25-260,33,0.15151515151515152,0.24242424242424243,0.30303030303030304,0.3939393939393939
Cessna,550,33,0.8787878787878788,0.3939393939393939,0.30303030303030304,1.2727272727272727
Bell,407,56,0.8035714285714286,0.35714285714285715,0.30357142857142855,1.1607142857142858
Cessna,210K,23,0.8260869565217391,0.0,0.30434782608695654,0.8260869565217391
Cessna,C-152,23,0.17391304347826086,0.13043478260869565,0.30434782608695654,0.30434782608695654
Beech,P35,23,0.5652173913043478,0.21739130434782608,0.30434782608695654,0.7826086956521738
Mooney,M20J,210,0.5619047619047619,0.18571428571428572,0.3047619047619048,0.7476190476190476
Piper,PA-28-181,456,0.7697368421052632,0.20394736842105263,0.30701754385964913,0.9736842105263158
ROBINSON,R44,143,1.132867132867133,0.26573426573426573,0.3076923076923077,1.3986013986013988
BEECH,95-B55,13,1.3846153846153846,0.23076923076923078,0.3076923076923077,1.6153846153846154
Cessna,210E,26,0.5,0.23076923076923078,0.3076923076923077,0.7307692307692308
AIR TRACTOR INC,AT 502,13,0.15384615384615385,0.23076923076923078,0.3076923076923077,0.38461538461538464
Bell,206B,392,0.46938775510204084,0.336734693877551,0.3086734693877551,0.8061224489795918
Cessna,182D,42,0.5238095238095238,0.16666666666666666,0.30952380952380953,0.6904761904761905
Bell,206L-1,142,0.4647887323943662,0.5704225352112676,0.30985915492957744,1.0352112676056338
Cessna,U206F,58,1.0,0.1896551724137931,0.3103448275862069,1.1896551724137931
Maule,M-4-210C,16,0.3125,0.0,0.3125,0.3125
PIPER,PA25,32,0.6875,0.09375,0.3125,0.78125
Aerospatiale,AS350B,16,0.3125,0.375,0.3125,0.6875
Piper,PA-34-220T,64,0.84375,0.171875,0.3125,1.015625
Cessna,T210N,201,0.572139303482587,0.2537313432835821,0.31343283582089554,0.8258706467661692
Cessna,402C,89,0.7191011235955056,0.20224719101123595,0.3146067415730337,0.9213483146067416
Beech,B-60,19,0.8421052631578947,0.15789473684210525,0.3157894736842105,1.0
Piper,PA-36-375,19,0.3684210526315789,0.15789473684210525,0.3157894736842105,0.5263157894736842
Cessna,T210L,133,0.6466165413533834,0.3082706766917293,0.3157894736842105,0.9548872180451127
Ayres,S-2R,19,0.21052631578947367,0.10526315789473684,0.3157894736842105,0.3157894736842105
Bell,212,38,1.236842105263158,0.47368421052631576,0.3157894736842105,1.7105263157894737
Beech,F35,22,0.8181818181818182,0.0,0.3181818181818182,0.8181818181818182
Bell,47G-4A,22,0.09090909090909091,0.22727272727272727,0.3181818181818182,0.3181818181818182
Robinson,R44 II,22,0.7727272727272727,0.6363636363636364,0.3181818181818182,1.4090909090909092
De Havilland,DHC-6-300,22,3.4545454545454546,1.2727272727272727,0.3181818181818182,4.7272727272727275
Wsk Pzl Mielec,M-18A,25,0.2,0.12,0.32,0.32
Beech,D18S,25,0.56,0.12,0.32,0.68
Piper,PA-36-300,25,0.16,0.16,0.32,0.32
North American,SNJ-5,25,0.48,0.24,0.32,0.72
PIPER,PA-34-200T,25,0.52,0.12,0.32,0.64
Cessna,310N,25,1.04,0.16,0.32,1.2
CESSNA,421C,25,1.52,0.36,0.32,1.88
ROBINSON,R66,28,1.2857142857142858,0.14285714285714285,0.32142857142857145,1.4285714285714286
Beech,E18S,56,0.5178571428571429,0.125,0.32142857142857145,0.6428571428571429
Beech,95-C55,28,0.6428571428571429,0.25,0.32142857142857145,0.8928571428571429
Piper,PA-31-350,230,0.7956521739130434,0.16956521739130434,0.3217391304347826,0.9652173913043478
Robinson,R-22 BETA,31,0.4838709677419355,0.0967741935483871,0.3225806451612903,0.5806451612903226
Piper,PA-24-260,95,0.7157894736842105,0.12631578947368421,0.3263157894736842,0.8421052631578947
Piper,PA-30,156,0.5641025641025641,0.17307692307692307,0.3269230769230769,0.7371794871794872
Cessna,T210M,143,0.5034965034965035,0.16783216783216784,0.32867132867132864,0.6713286713286714
Bellanca,17-30A,106,0.49056603773584906,0.29245283018867924,0.330188679245283,0.7830188679245282
Hughes,369,12,0.4166666666666667,0.3333333333333333,0.3333333333333333,0.75
Cessna,310G,12,0.9166666666666666,0.0,0.3333333333333333,0.9166666666666666
Bell,222UT,12,0.75,0.5833333333333334,0.3333333333333333,1.3333333333333335
Beech,35-B33,21,0.7619047619047619,0.23809523809523808,0.3333333333333333,1.0
Piper,PA-46-500TP,15,0.7333333333333333,0.2,0.3333333333333333,0.9333333333333333
Piper,PA-23,33,0.6666666666666666,0.24242424242424243,0.3333333333333333,0.9090909090909091
Piper,PA-23-150,36,0.4166666666666667,0.3333333333333333,0.3333333333333333,0.75
Mcdonnell Douglas,369D,18,0.8888888888888888,0.3333333333333333,0.3333333333333333,1.222222222222222
AIR TRACTOR INC,AT-802A,15,0.4666666666666667,0.06666666666666667,0.3333333333333333,0.5333333333333333
Beech,A24R,24,0.6666666666666666,0.125,0.3333333333333333,0.7916666666666666
Cessna,A188A,12,0.08333333333333333,0.16666666666666666,0.3333333333333333,0.25
North American,T-6G,21,0.5714285714285714,0.19047619047619047,0.3333333333333333,0.7619047619047619
Beech,B-19,12,0.08333333333333333,0.16666666666666666,0.3333333333333333,0.25
Mooney,M20R,21,0.47619047619047616,0.0,0.3333333333333333,0.47619047619047616
American Aviation Corp. (aac),AA-1A,12,0.5,0.0,0.3333333333333333,0.5
Beech,BE-55,21,0.5714285714285714,0.19047619047619047,0.3333333333333333,0.7619047619047619
Weatherly,201C,15,0.13333333333333333,0.13333333333333333,0.3333333333333333,0.26666666666666666
Cessna,310P,12,0.5,0.3333333333333333,0.3333333333333333,0.8333333333333333
Consolidated Aeronautics Inc.,LAKE LA-4-200,12,0.0,0.4166666666666667,0.3333333333333333,0.4166666666666667
Bell,206B-III,21,0.09523809523809523,0.14285714285714285,0.3333333333333333,0.23809523809523808
Piper,PA-28-236,54,0.7222222222222222,0.18518518518518517,0.3333333333333333,0.9074074074074074
Cessna,320D,12,1.3333333333333333,0.08333333333333333,0.3333333333333333,1.4166666666666665
Beech,G35,30,0.5333333333333333,0.16666666666666666,0.3333333333333333,0.7
Beech,G18S,21,0.19047619047619047,0.09523809523809523,0.3333333333333333,0.2857142857142857
Varga,2150A,15,0.26666666666666666,0.26666666666666666,0.3333333333333333,0.5333333333333333
Beech,200,59,1.6610169491525424,0.0847457627118644,0.3389830508474576,1.7457627118644068
Beech,B36TC,35,0.6571428571428571,0.2571428571428571,0.34285714285714286,0.9142857142857143
Piper,PA-28-235,140,0.55,0.2857142857142857,0.34285714285714286,0.8357142857142857
Beech,A36,282,0.7943262411347518,0.24822695035460993,0.34397163120567376,1.0425531914893618
Cessna,208B,125,1.184,0.48,0.344,1.664
Douglas,DC-3,29,1.3448275862068966,0.8620689655172413,0.3448275862068966,2.206896551724138
Cessna,340,49,0.8775510204081632,0.08163265306122448,0.3469387755102041,0.9591836734693877
Mooney,M20F,121,0.628099173553719,0.24793388429752067,0.34710743801652894,0.8760330578512396
Cessna,320,23,0.43478260869565216,0.13043478260869565,0.34782608695652173,0.5652173913043478
Cessna,411,23,0.391304347826087,0.5217391304347826,0.34782608695652173,0.9130434782608696
PIPER,PA31,20,1.95,0.2,0.35,2.15
PIPER,PA32R,20,0.9,0.2,0.35,1.1
Cessna,421B,77,1.0389610389610389,0.3246753246753247,0.35064935064935066,1.3636363636363635
Aerospatiale,SA315B,17,0.23529411764705882,0.29411764705882354,0.35294117647058826,0.5294117647058824
Mooney,M20D,17,0.4117647058823529,0.11764705882352941,0.35294117647058826,0.5294117647058824
Beech,B200,17,0.47058823529411764,0.058823529411764705,0.35294117647058826,0.5294117647058824
Beech,F33A,82,0.6341463414634146,0.18292682926829268,0.35365853658536583,0.8170731707317074
Piper,PA-34-200T,178,0.7078651685393258,0.1404494382022472,0.3539325842696629,0.848314606741573
Grumman American,AA-5B,48,0.6458333333333334,0.14583333333333334,0.3541666666666667,0.7916666666666667
Piper,PA-31,48,0.6041666666666666,0.08333333333333333,0.3541666666666667,0.6875
Aero Commander,100-180,14,0.42857142857142855,0.21428571428571427,0.35714285714285715,0.6428571428571428
BEECH,B36TC,14,1.0714285714285714,0.21428571428571427,0.35714285714285715,1.2857142857142856
Beech,58,168,0.7797619047619048,0.1488095238095238,0.35714285714285715,0.9285714285714286
CESSNA,441,14,1.2142857142857142,0.0,0.35714285714285715,1.2142857142857142
AIR TRACTOR,AT802,14,0.5,0.14285714285714285,0.35714285714285715,0.6428571428571428
BEECH,1900,14,4.428571428571429,0.21428571428571427,0.35714285714285715,4.642857142857143
Ayres,S2R-T34,39,0.28205128205128205,0.10256410256410256,0.358974358974359,0.3846153846153846
Beech,V35B,117,0.7094017094017094,0.18803418803418803,0.358974358974359,0.8974358974358975
Grumman American,AA-5A,39,0.5641025641025641,0.1794871794871795,0.358974358974359,0.7435897435897436
Cessna,T207A,25,0.84,0.24,0.36,1.08
Cessna,P210,25,0.28,0.16,0.36,0.44000000000000006
Bell,206B III,25,0.48,0.28,0.36,0.76
Piper,PA-46-350P,58,0.8275862068965517,0.1896551724137931,0.3620689655172414,1.0172413793103448
Pitts,S-2A,11,0.36363636363636365,0.18181818181818182,0.36363636363636365,0.5454545454545454
ROBINSON,R44 - II,11,1.2727272727272727,0.2727272727272727,0.36363636363636365,1.5454545454545454
Piper,PA28-161,11,0.9090909090909091,0.09090909090909091,0.36363636363636365,1.0
BEECH,C35,11,0.8181818181818182,0.09090909090909091,0.36363636363636365,0.9090909090909092
Piper,PA-28RT-201T,55,0.43636363636363634,0.23636363636363636,0.36363636363636365,0.6727272727272727
Cessna,U206G,77,1.1688311688311688,0.4675324675324675,0.36363636363636365,1.6363636363636362
Piper,PA-28R-180,88,0.7045454545454546,0.22727272727272727,0.36363636363636365,0.9318181818181819
Boeing,747-200F,11,0.8181818181818182,0.09090909090909091,0.36363636363636365,0.9090909090909092
Ercoupe (eng & Research Corp.),415-D,11,0.45454545454545453,0.18181818181818182,0.36363636363636365,0.6363636363636364
Cessna,TR182,77,0.6363636363636364,0.16883116883116883,0.36363636363636365,0.8051948051948052
PIPER,PA46-500TP,11,0.8181818181818182,0.0,0.36363636363636365,0.8181818181818182
EUROCOPTER,AS350,11,1.9090909090909092,0.18181818181818182,0.36363636363636365,2.090909090909091
Beech,35-33,11,0.7272727272727273,0.45454545454545453,0.36363636363636365,1.1818181818181819
SOCATA,TBM 700,22,1.3181818181818181,0.2727272727272727,0.36363636363636365,1.5909090909090908
Cessna,A152,27,0.2962962962962963,0.1111111111111111,0.37037037037037035,0.4074074074074074
Mooney,M20K,123,0.6260162601626016,0.11382113821138211,0.37398373983739835,0.7398373983739837
Cessna,P210N,131,0.6717557251908397,0.29770992366412213,0.37404580152671757,0.9694656488549618
Beech,E-55,16,1.125,0.125,0.375,1.25
Cessna,175B,16,0.4375,0.25,0.375,0.6875
Cessna,560,16,1.125,0.3125,0.375,1.4375
Bell,205A-1,16,0.9375,1.3125,0.375,2.25
Beech,C90,24,0.8333333333333334,0.2916666666666667,0.375,1.125
Mooney,M20,29,0.41379310344827586,0.27586206896551724,0.3793103448275862,0.6896551724137931
Cessna,210M,58,0.7068965517241379,0.1724137931034483,0.3793103448275862,0.8793103448275862
CESSNA,340A,21,1.2380952380952381,0.19047619047619047,0.38095238095238093,1.4285714285714286
Bell,UH-1H,34,1.2352941176470589,0.5294117647058824,0.38235294117647056,1.7647058823529411
Ayres,S2R,47,0.19148936170212766,0.14893617021276595,0.3829787234042553,0.3404255319148936
BEECH,C90,26,1.3461538461538463,0.07692307692307693,0.38461538461538464,1.4230769230769231
Swearingen,SA-26AT,13,0.3076923076923077,0.38461538461538464,0.38461538461538464,0.6923076923076923
Piper,PA-28-201T,13,0.9230769230769231,0.0,0.38461538461538464,0.9230769230769231
American,AA-1A,13,0.6923076923076923,0.3076923076923077,0.38461538461538464,1.0
De Havilland,DHC-6-200,13,1.6923076923076923,0.6153846153846154,0.38461538461538464,2.3076923076923075
Cessna,404,31,1.2580645161290323,0.3870967741935484,0.3870967741935484,1.6451612903225805
Beech,J35,31,0.7419354838709677,0.3225806451612903,0.3870967741935484,1.064516129032258
Grumman American,AA-1C,18,0.4444444444444444,0.16666666666666666,0.3888888888888889,0.611111111111111
Cessna,TU206F,18,0.7777777777777778,0.2222222222222222,0.3888888888888889,1.0
Beech,D95A,18,0.7222222222222222,0.16666666666666666,0.3888888888888889,0.8888888888888888
CIRRUS,SR20,18,1.1666666666666667,0.1111111111111111,0.3888888888888889,1.277777777777778
Piper,PA-32-260,190,0.7052631578947368,0.4105263157894737,0.3894736842105263,1.1157894736842104
Bellanca,8KCAB,95,0.49473684210526314,0.2,0.3894736842105263,0.6947368421052631
Beech,C35,46,0.5652173913043478,0.2391304347826087,0.391304347826087,0.8043478260869565
Piper,PA-36-285,23,0.17391304347826086,0.13043478260869565,0.391304347826087,0.30434782608695654
Beech,N35,23,1.0,0.0,0.391304347826087,1.0
Piper,PA-32R-300,143,0.6783216783216783,0.27972027972027974,0.3916083916083916,0.9580419580419581
Beech,95-B55,97,0.865979381443299,0.13402061855670103,0.3917525773195876,1.0
Piper,PA-23-250,277,0.8050541516245487,0.13357400722021662,0.3935018050541516,0.9386281588447654
Piper,PA-31-310,33,0.7575757575757576,0.36363636363636365,0.3939393939393939,1.121212121212121
Piper,PA-32R-301T,71,0.8732394366197183,0.18309859154929578,0.39436619718309857,1.056338028169014
Cessna,210N,43,0.7674418604651163,0.20930232558139536,0.3953488372093023,0.9767441860465117
Enstrom,F28C,15,0.26666666666666666,0.3333333333333333,0.4,0.6
Socata,TB-20,10,0.5,0.2,0.4,0.7
Beech,BE-35,20,0.65,0.1,0.4,0.75
Cessna,T-210N,10,0.5,0.1,0.4,0.6
Cessna,210J,10,0.3,0.0,0.4,0.3
Beech,A45,10,0.8,0.2,0.4,1.0
Beech,58TC,15,1.2666666666666666,0.2,0.4,1.4666666666666666
CESSNA,340,15,1.4,0.0,0.4,1.4
Aero Commander,112,15,0.8,0.2,0.4,1.0
Beech,E-90,10,1.1,0.1,0.4,1.2000000000000002
PIPER,PA 46 350P,10,1.3,0.4,0.4,1.7000000000000002
Mitsubishi,MU-2B-35,15,0.6,0.2,0.4,0.8
Cessna,337G,20,0.8,0.4,0.4,1.2000000000000002
Sikorsky,S-76A,25,0.72,0.6,0.4,1.3199999999999998
Beech,65-A90,22,1.5909090909090908,0.3181818181818182,0.4090909090909091,1.909090909090909
Cessna,A150L,22,0.5909090909090909,0.36363636363636365,0.4090909090909091,0.9545454545454546
Robinson,R-44,39,0.8205128205128205,0.3333333333333333,0.41025641025641024,1.1538461538461537
Cessna,182R,85,0.8352941176470589,0.058823529411764705,0.4117647058823529,0.8941176470588236
Grumman,G164A,17,0.29411764705882354,0.0,0.4117647058823529,0.29411764705882354
Bell,222,12,0.4166666666666667,0.16666666666666666,0.4166666666666667,0.5833333333333334
Cessna,337B,12,0.5833333333333334,0.3333333333333333,0.4166666666666667,0.9166666666666667
Mbb,BO-105S,12,0.5,0.16666666666666666,0.4166666666666667,0.6666666666666666
Cessna,310Q,74,0.581081081081081,0.21621621621621623,0.4189189189189189,0.7972972972972973
Beech,A-36,50,0.84,0.28,0.42,1.12
Mooney,M-20J,14,0.5714285714285714,0.14285714285714285,0.42857142857142855,0.7142857142857142
Cessna,425,28,1.25,0.14285714285714285,0.42857142857142855,1.3928571428571428
Cessna,525,14,1.4285714285714286,0.0,0.42857142857142855,1.4285714285714286
Bell,UH-1B,49,0.5306122448979592,0.2653061224489796,0.42857142857142855,0.7959183673469388
Piper,PA-32RT-300T,65,0.5692307692307692,0.4153846153846154,0.4307692307692308,0.9846153846153847
Piper,PA-32R-301,58,1.1379310344827587,0.08620689655172414,0.43103448275862066,1.2241379310344829
Cessna,340A,78,1.0128205128205128,0.08974358974358974,0.4358974358974359,1.1025641025641024
Cessna,414A,39,0.7435897435897436,0.20512820512820512,0.4358974358974359,0.9487179487179487
Beech,E55,16,0.5,0.0,0.4375,0.5
Cessna,501,16,1.0625,0.1875,0.4375,1.25
Cessna,421C,98,1.0918367346938775,0.2857142857142857,0.4387755102040816,1.3775510204081631
Beech,A36TC,50,1.2,0.46,0.44,1.66
Cessna,421,45,1.0222222222222221,0.2222222222222222,0.4444444444444444,1.2444444444444445
Beech,35-C33,18,0.8333333333333334,0.16666666666666666,0.4444444444444444,1.0
Rockwell,114,18,1.1666666666666667,0.05555555555555555,0.4444444444444444,1.2222222222222223
Beech,95,29,0.6896551724137931,0.20689655172413793,0.4482758620689655,0.896551724137931
Cessna,500,20,1.15,0.05,0.45,1.2
North American,AT-6D,20,0.55,0.15,0.45,0.7000000000000001
Piper,PA-28RT-201,51,0.7843137254901961,0.1568627450980392,0.45098039215686275,0.9411764705882353
Cessna,320E,11,1.0,0.5454545454545454,0.45454545454545453,1.5454545454545454
Piper,PA-601P,11,0.7272727272727273,0.0,0.45454545454545453,0.7272727272727273
Cessna,337D,11,0.5454545454545454,0.09090909090909091,0.45454545454545453,0.6363636363636364
Piper,PA-46-310P,68,0.9264705882352942,0.29411764705882354,0.45588235294117646,1.2205882352941178
Piper,PA-31-325,24,1.0416666666666667,0.4583333333333333,0.4583333333333333,1.5
Cessna,T303,26,1.0384615384615385,0.19230769230769232,0.46153846153846156,1.2307692307692308
Beech,H-18,13,0.38461538461538464,0.15384615384615385,0.46153846153846156,0.5384615384615385
Eipper,QUICKSILVER MX,13,0.5384615384615384,0.46153846153846156,0.46153846153846156,1.0
Beech,F-33A,13,0.7692307692307693,0.23076923076923078,0.46153846153846156,1.0
Cessna,337,28,0.9285714285714286,0.21428571428571427,0.4642857142857143,1.1428571428571428
Beech,V35A,28,0.4642857142857143,0.4642857142857143,0.4642857142857143,0.9285714285714286
Cessna,205,28,1.3571428571428572,0.25,0.4642857142857143,1.6071428571428572
Cessna,310R,88,0.8181818181818182,0.2727272727272727,0.4659090909090909,1.0909090909090908
Beech,BE-200,15,1.4,0.06666666666666667,0.4666666666666667,1.4666666666666666
Piper,601P,15,1.1333333333333333,0.06666666666666667,0.4666666666666667,1.2
Cessna,T210F,17,0.5882352941176471,0.35294117647058826,0.47058823529411764,0.9411764705882353
North American,P-51D,19,0.6842105263157895,0.05263157894736842,0.47368421052631576,0.736842105263158
Beech,S35,47,0.9787234042553191,0.1276595744680851,0.48936170212765956,1.1063829787234043
Beech,58P,57,0.9298245614035088,0.21052631578947367,0.49122807017543857,1.1403508771929824
Piper,PA-32RT-300,61,0.9508196721311475,0.5245901639344263,0.4918032786885246,1.4754098360655736
Piper,PA-31T,32,1.4375,0.09375,0.5,1.53125
"Smith, Ted Aerostar",AEROSTAR 600,14,1.0,0.0,0.5,1.0
Bellanca,17-31A,16,1.0,0.4375,0.5,1.4375
Bellanca,14-19-3A,10,1.1,0.5,0.5,1.6
American,AA-1,22,0.045454545454545456,0.45454545454545453,0.5,0.5
Cessna,441,32,1.28125,0.125,0.5,1.40625
Piper,PA32RT,10,0.7,0.1,0.5,0.7999999999999999
Aero Commander,500-B,12,0.8333333333333334,0.5,0.5,1.3333333333333335
Piper,PA-36,18,0.1111111111111111,0.05555555555555555,0.5,0.16666666666666666
Navion,G,10,0.6,0.3,0.5,0.8999999999999999
Cirrus Design Corp.,SR20,14,0.8571428571428571,0.21428571428571427,0.5,1.0714285714285714
Aerotek,PITTS S-2A,12,0.75,0.16666666666666666,0.5,0.9166666666666666
Cessna,310I,12,1.0833333333333333,0.75,0.5,1.8333333333333333
Cessna,337C,12,0.5,0.16666666666666666,0.5,0.6666666666666666
Beech,D55,18,1.2777777777777777,0.5,0.5,1.7777777777777777
Israel Aircraft Industries,1124A,12,2.5,0.0,0.5,2.5
Piper,PA-28-200,10,0.6,0.3,0.5,0.8999999999999999
Beech,S-35,10,1.2,0.0,0.5,1.2
Cessna,320C,10,1.2,0.0,0.5,1.2
Cessna,414,74,1.0675675675675675,0.3108108108108108,0.5135135135135135,1.3783783783783783
Grumman American,AA-5,31,0.967741935483871,0.12903225806451613,0.5161290322580645,1.096774193548387
Cessna,A150K,21,0.6666666666666666,0.19047619047619047,0.5238095238095238,0.8571428571428571
Aero Commander,690A,15,1.4666666666666666,0.26666666666666666,0.5333333333333333,1.7333333333333332
Cessna,421A,15,1.4666666666666666,0.26666666666666666,0.5333333333333333,1.7333333333333332
Beech,A100,15,0.6,0.2,0.5333333333333333,0.8
Beech,95-55,13,1.0769230769230769,0.07692307692307693,0.5384615384615384,1.1538461538461537
Beech,95-A55,24,1.0,0.8333333333333334,0.5416666666666666,1.8333333333333335
Mooney,M-20E,11,0.6363636363636364,0.18181818181818182,0.5454545454545454,0.8181818181818181
Cessna,P206B,11,0.6363636363636364,0.8181818181818182,0.5454545454545454,1.4545454545454546
Beech,V35,49,1.0408163265306123,0.12244897959183673,0.5510204081632653,1.163265306122449
North American,T-28B,14,0.7142857142857143,0.14285714285714285,0.5714285714285714,0.8571428571428572
Cessna,310K,21,1.1428571428571428,0.047619047619047616,0.5714285714285714,1.1904761904761905
Piper,PA-60-602P,14,0.7142857142857143,0.7857142857142857,0.5714285714285714,1.5
Learjet,35A,26,1.5769230769230769,0.11538461538461539,0.5769230769230769,1.6923076923076923
Aero Commander,500B,12,1.0,0.3333333333333333,0.5833333333333334,1.3333333333333333
Fairchild Hiller,FH-1100,29,0.7931034482758621,0.4827586206896552,0.5862068965517241,1.2758620689655173
Mitsubishi,MU-2B-40,10,1.0,0.0,0.6,1.0
Rockwell,690B,10,0.9,0.1,0.6,1.0
Aerospatiale,AS-350D,15,0.8666666666666667,0.2,0.6,1.0666666666666667
Aerospatiale,AS-350B,10,1.2,0.8,0.6,2.0
Cessna,310H,10,1.5,0.3,0.6,1.8
Beech,60,20,0.6,0.2,0.6,0.8
Piper,PA-60-600,13,0.8461538461538461,0.23076923076923078,0.6153846153846154,1.0769230769230769
Piper,PA-25-150,13,0.3076923076923077,0.46153846153846156,0.6153846153846154,0.7692307692307693
Aero Commander,500S,13,1.7692307692307692,0.23076923076923078,0.6153846153846154,2.0
Beech,65,21,1.380952380952381,0.19047619047619047,0.6190476190476191,1.5714285714285714
Cessna,335,11,1.0,0.2727272727272727,0.6363636363636364,1.2727272727272727
Piper,AEROSTAR 601P,14,1.4285714285714286,0.14285714285714285,0.6428571428571429,1.5714285714285714
Piper,PA-31P,20,1.15,0.1,0.65,1.25
Cessna,T337G,23,1.0,0.391304347826087,0.6521739130434783,1.391304347826087
Mitsubishi,MU-2B-60,27,2.111111111111111,0.25925925925925924,0.6666666666666666,2.3703703703703702
Bell,204B,12,0.4166666666666667,0.6666666666666666,0.6666666666666666,1.0833333333333333
Piper,PA-60-601P,25,1.36,0.04,0.68,1.4000000000000001
